Territorio;Medida;Valor;
Abla;Latitud;37,141333;
Abla;Longitud;-2,779552;
Abla;Altitud sobre el nivel del mar;843,47998047;
Abrucena;Latitud;37,133339;
Abrucena;Longitud;-2,7966;
Abrucena;Altitud sobre el nivel del mar;972,42999268;
Adra;Latitud;36,749285;
Adra;Longitud;-3,014555;
Adra;Altitud sobre el nivel del mar;4,13999987;
Albanchez;Latitud;37,287141;
Albanchez;Longitud;-2,181433;
Albanchez;Altitud sobre el nivel del mar;469,22000122;
Alboloduy;Latitud;37,032782;
Alboloduy;Longitud;-2,621786;
Alboloduy;Altitud sobre el nivel del mar;383,23999023;
Albox;Latitud;37,389533;
Albox;Longitud;-2,147988;
Albox;Altitud sobre el nivel del mar;424,22000122;
Alcolea;Latitud;36,974476;
Alcolea;Longitud;-2,960926;
Alcolea;Altitud sobre el nivel del mar;750,25;
Alcóntar;Latitud;37,335927;
Alcóntar;Longitud;-2,597479;
Alcóntar;Altitud sobre el nivel del mar;962,42999268;
Alcudia de Monteagud;Latitud;37,235984;
Alcudia de Monteagud;Longitud;-2,266242;
Alcudia de Monteagud;Altitud sobre el nivel del mar;1011,7199707;
Alhabia;Latitud;36,989457;
Alhabia;Longitud;-2,587275;
Alhabia;Altitud sobre el nivel del mar;287,86999512;
Alhama de Almería;Latitud;36,957265;
Alhama de Almería;Longitud;-2,570083;
Alhama de Almería;Altitud sobre el nivel del mar;517,5300293;
Alicún;Latitud;36,966198;
Alicún;Longitud;-2,602299;
Alicún;Altitud sobre el nivel del mar;420,98001099;
Almería (capital);Latitud;36,839804;
Almería (capital);Longitud;-2,467585;
Almería (capital);Altitud sobre el nivel del mar;20,46999931;
Almócita;Latitud;37,002779;
Almócita;Longitud;-2,790385;
Almócita;Altitud sobre el nivel del mar;832,66998291;
Alsodux;Latitud;37,001569;
Alsodux;Longitud;-2,594425;
Alsodux;Altitud sobre el nivel del mar;316,82998657;
Antas;Latitud;37,245247;
Antas;Longitud;-1,917422;
Antas;Altitud sobre el nivel del mar;104,95999908;
Arboleas;Latitud;37,350331;
Arboleas;Longitud;-2,074705;
Arboleas;Altitud sobre el nivel del mar;280,57000732;
Armuña de Almanzora;Latitud;37,350105;
Armuña de Almanzora;Longitud;-2,411407;
Armuña de Almanzora;Altitud sobre el nivel del mar;629,22998047;
Bacares;Latitud;37,260723;
Bacares;Longitud;-2,453265;
Bacares;Altitud sobre el nivel del mar;1190,16003418;
Balanegra;Latitud;36,748418;
Balanegra;Longitud;-2,906291;
Balanegra;Altitud sobre el nivel del mar;21,61000061;
Bayárcal;Latitud;37,029829;
Bayárcal;Longitud;-2,99507;
Bayárcal;Altitud sobre el nivel del mar;1254,93994141;
Bayarque;Latitud;37,330035;
Bayarque;Longitud;-2,436237;
Bayarque;Altitud sobre el nivel del mar;804,90997314;
Bédar;Latitud;37,18941;
Bédar;Longitud;-1,98197;
Bédar;Altitud sobre el nivel del mar;388,8500061;
Beires;Latitud;37,012205;
Beires;Longitud;-2,791411;
Beires;Altitud sobre el nivel del mar;929,90997314;
Benahadux;Latitud;36,92577;
Benahadux;Longitud;-2,455477;
Benahadux;Altitud sobre el nivel del mar;114,41999817;
Benitagla;Latitud;37,231074;
Benitagla;Longitud;-2,23845;
Benitagla;Altitud sobre el nivel del mar;944,53997803;
Benizalón;Latitud;37,211707;
Benizalón;Longitud;-2,241565;
Benizalón;Altitud sobre el nivel del mar;926,67999268;
Bentarique;Latitud;36,98654;
Bentarique;Longitud;-2,61936;
Bentarique;Altitud sobre el nivel del mar;326,32000732;
Berja;Latitud;36,846306;
Berja;Longitud;-2,949297;
Berja;Altitud sobre el nivel del mar;334,79998779;
Canjáyar;Latitud;37,009703;
Canjáyar;Longitud;-2,739648;
Canjáyar;Altitud sobre el nivel del mar;608,80999756;
Cantoria;Latitud;37,352646;
Cantoria;Longitud;-2,193468;
Cantoria;Altitud sobre el nivel del mar;381,86999512;
Carboneras;Latitud;36,997166;
Carboneras;Longitud;-1,894428;
Carboneras;Altitud sobre el nivel del mar;11,42000008;
Castro de Filabres;Latitud;37,185199;
Castro de Filabres;Longitud;-2,439819;
Castro de Filabres;Altitud sobre el nivel del mar;950,71002197;
Chercos;Latitud;37,266342;
Chercos;Longitud;-2,257902;
Chercos;Altitud sobre el nivel del mar;793,28997803;
Chirivel;Latitud;37,595495;
Chirivel;Longitud;-2,26548;
Chirivel;Altitud sobre el nivel del mar;1036,69995117;
Cóbdar;Latitud;37,262086;
Cóbdar;Longitud;-2,210081;
Cóbdar;Altitud sobre el nivel del mar;605,59997559;
Cuevas del Almanzora;Latitud;37,29711;
Cuevas del Almanzora;Longitud;-1,881448;
Cuevas del Almanzora;Altitud sobre el nivel del mar;95,48999786;
Dalías;Latitud;36,821009;
Dalías;Longitud;-2,870127;
Dalías;Altitud sobre el nivel del mar;411,05999756;
El Ejido;Latitud;36,774866;
El Ejido;Longitud;-2,812757;
El Ejido;Altitud sobre el nivel del mar;72,16999817;
Enix;Latitud;36,877048;
Enix;Longitud;-2,60178;
Enix;Altitud sobre el nivel del mar;710,88000488;
Felix;Latitud;36,868959;
Felix;Longitud;-2,657532;
Felix;Altitud sobre el nivel del mar;810,90002441;
Fines;Latitud;37,358753;
Fines;Longitud;-2,262863;
Fines;Altitud sobre el nivel del mar;446,58999634;
Fiñana;Latitud;37,171185;
Fiñana;Longitud;-2,840946;
Fiñana;Altitud sobre el nivel del mar;949,15997314;
Fondón;Latitud;36,979731;
Fondón;Longitud;-2,858784;
Fondón;Altitud sobre el nivel del mar;845,02001953;
Gádor;Latitud;36,954024;
Gádor;Longitud;-2,493079;
Gádor;Altitud sobre el nivel del mar;165,57000732;
Garrucha;Latitud;37,179377;
Garrucha;Longitud;-1,821953;
Garrucha;Altitud sobre el nivel del mar;7,15999985;
Gérgal;Latitud;37,120625;
Gérgal;Longitud;-2,53806;
Gérgal;Altitud sobre el nivel del mar;744,35998535;
Huécija;Latitud;36,968696;
Huécija;Longitud;-2,610287;
Huécija;Altitud sobre el nivel del mar;402,5;
Huércal de Almería;Latitud;36,884734;
Huércal de Almería;Longitud;-2,436113;
Huércal de Almería;Altitud sobre el nivel del mar;72,06999969;
Huércal-Overa;Latitud;37,390506;
Huércal-Overa;Longitud;-1,943777;
Huércal-Overa;Altitud sobre el nivel del mar;279,61999512;
Íllar;Latitud;36,985224;
Íllar;Longitud;-2,639158;
Íllar;Altitud sobre el nivel del mar;423,32998657;
Instinción;Latitud;36,993251;
Instinción;Longitud;-2,659915;
Instinción;Altitud sobre el nivel del mar;429,89001465;
La Mojonera;Latitud;36,752626;
La Mojonera;Longitud;-2,688378;
La Mojonera;Altitud sobre el nivel del mar;39,59000015;
Laroya;Latitud;37,296379;
Laroya;Longitud;-2,331903;
Laroya;Altitud sobre el nivel del mar;872,02001953;
Las Tres Villas;Latitud;37,134358;
Las Tres Villas;Longitud;-2,712001;
Las Tres Villas;Altitud sobre el nivel del mar;686,23999023;
Laujar de Andarax;Latitud;36,994;
Laujar de Andarax;Longitud;-2,889521;
Laujar de Andarax;Altitud sobre el nivel del mar;906,15997314;
Líjar;Latitud;37,295227;
Líjar;Longitud;-2,220068;
Líjar;Altitud sobre el nivel del mar;590,97998047;
Los Gallardos;Latitud;37,169521;
Los Gallardos;Longitud;-1,940058;
Los Gallardos;Altitud sobre el nivel del mar;115,91000366;
Lubrín;Latitud;37,215943;
Lubrín;Longitud;-2,067111;
Lubrín;Altitud sobre el nivel del mar;516,46002197;
Lucainena de las Torres;Latitud;37,040185;
Lucainena de las Torres;Longitud;-2,200936;
Lucainena de las Torres;Altitud sobre el nivel del mar;549,14001465;
Lúcar;Latitud;37,4011;
Lúcar;Longitud;-2,42424;
Lúcar;Altitud sobre el nivel del mar;911,75;
Macael;Latitud;37,332129;
Macael;Longitud;-2,304833;
Macael;Altitud sobre el nivel del mar;538,04998779;
María;Latitud;37,711233;
María;Longitud;-2,165775;
María;Altitud sobre el nivel del mar;1193,7800293;
Mojácar;Latitud;37,139911;
Mojácar;Longitud;-1,851279;
Mojácar;Altitud sobre el nivel del mar;158,33999634;
Nacimiento;Latitud;37,105229;
Nacimiento;Longitud;-2,647996;
Nacimiento;Altitud sobre el nivel del mar;595,05999756;
Níjar;Latitud;36,965668;
Níjar;Longitud;-2,206326;
Níjar;Altitud sobre el nivel del mar;353,02999878;
Ohanes;Latitud;37,037354;
Ohanes;Longitud;-2,745141;
Ohanes;Altitud sobre el nivel del mar;952,26000977;
Olula de Castro;Latitud;37,174722;
Olula de Castro;Longitud;-2,474033;
Olula de Castro;Altitud sobre el nivel del mar;989,11999512;
Olula del Río;Latitud;37,352162;
Olula del Río;Longitud;-2,298208;
Olula del Río;Altitud sobre el nivel del mar;490,1499939;
Oria;Latitud;37,485139;
Oria;Longitud;-2,295063;
Oria;Altitud sobre el nivel del mar;1037,47998047;
Padules;Latitud;36,998427;
Padules;Longitud;-2,772876;
Padules;Altitud sobre el nivel del mar;738,71002197;
Partaloa;Latitud;37,405958;
Partaloa;Longitud;-2,226582;
Partaloa;Altitud sobre el nivel del mar;548,36999512;
Paterna del Río;Latitud;37,021575;
Paterna del Río;Longitud;-2,952771;
Paterna del Río;Altitud sobre el nivel del mar;1197,20996094;
Pechina;Latitud;36,916373;
Pechina;Longitud;-2,440549;
Pechina;Altitud sobre el nivel del mar;106,29000092;
Pulpí;Latitud;37,409687;
Pulpí;Longitud;-1,746669;
Pulpí;Altitud sobre el nivel del mar;191,16000366;
Purchena;Latitud;37,348487;
Purchena;Longitud;-2,360905;
Purchena;Altitud sobre el nivel del mar;532,32000732;
Rágol;Latitud;36,995486;
Rágol;Longitud;-2,681;
Rágol;Altitud sobre el nivel del mar;402,29998779;
Rioja;Latitud;36,943907;
Rioja;Longitud;-2,462431;
Rioja;Altitud sobre el nivel del mar;130,3999939;
Roquetas de Mar;Latitud;36,764468;
Roquetas de Mar;Longitud;-2,615305;
Roquetas de Mar;Altitud sobre el nivel del mar;7,44999981;
Santa Cruz de Marchena;Latitud;37,016678;
Santa Cruz de Marchena;Longitud;-2,603248;
Santa Cruz de Marchena;Altitud sobre el nivel del mar;328,85998535;
Santa Fe de Mondújar;Latitud;36,974847;
Santa Fe de Mondújar;Longitud;-2,530658;
Santa Fe de Mondújar;Altitud sobre el nivel del mar;216,02999878;
Senés;Latitud;37,204588;
Senés;Longitud;-2,347449;
Senés;Altitud sobre el nivel del mar;1013,09997559;
Serón;Latitud;37,343639;
Serón;Longitud;-2,508749;
Serón;Altitud sobre el nivel del mar;800,28997803;
Sierro;Latitud;37,32099;
Sierro;Longitud;-2,399444;
Sierro;Altitud sobre el nivel del mar;751,90997314;
Somontín;Latitud;37,392458;
Somontín;Longitud;-2,388426;
Somontín;Altitud sobre el nivel del mar;827,98999023;
Sorbas;Latitud;37,097995;
Sorbas;Longitud;-2,124218;
Sorbas;Altitud sobre el nivel del mar;402,30999756;
Suflí;Latitud;37,338496;
Suflí;Longitud;-2,389802;
Suflí;Altitud sobre el nivel del mar;633,08001709;
Tabernas;Latitud;37,049633;
Tabernas;Longitud;-2,392651;
Tabernas;Altitud sobre el nivel del mar;403,77999878;
Taberno;Latitud;37,468207;
Taberno;Longitud;-2,078566;
Taberno;Altitud sobre el nivel del mar;700,47998047;
Tahal;Latitud;37,227697;
Tahal;Longitud;-2,284702;
Tahal;Altitud sobre el nivel del mar;1011,67999268;
Terque;Latitud;36,983861;
Terque;Longitud;-2,597189;
Terque;Altitud sobre el nivel del mar;277,83999634;
Tíjola;Latitud;37,345251;
Tíjola;Longitud;-2,439779;
Tíjola;Altitud sobre el nivel del mar;680,95001221;
Turre;Latitud;37,152403;
Turre;Longitud;-1,894763;
Turre;Altitud sobre el nivel del mar;48,06999969;
Turrillas;Latitud;37,029838;
Turrillas;Longitud;-2,265112;
Turrillas;Altitud sobre el nivel del mar;838,67999268;
Uleila del Campo;Latitud;37,185045;
Uleila del Campo;Longitud;-2,203628;
Uleila del Campo;Altitud sobre el nivel del mar;619,21002197;
Urrácal;Latitud;37,397203;
Urrácal;Longitud;-2,365522;
Urrácal;Altitud sobre el nivel del mar;734,70001221;
Velefique;Latitud;37,193416;
Velefique;Longitud;-2,402742;
Velefique;Altitud sobre el nivel del mar;903,10998535;
Vélez-Blanco;Latitud;37,690814;
Vélez-Blanco;Longitud;-2,095522;
Vélez-Blanco;Altitud sobre el nivel del mar;1069,4699707;
Vélez-Rubio;Latitud;37,647854;
Vélez-Rubio;Longitud;-2,074209;
Vélez-Rubio;Altitud sobre el nivel del mar;833,80999756;
Vera;Latitud;37,246889;
Vera;Longitud;-1,868213;
Vera;Altitud sobre el nivel del mar;96,16000366;
Viator;Latitud;36,889754;
Viator;Longitud;-2,426383;
Viator;Altitud sobre el nivel del mar;69,87999725;
Vícar;Latitud;36,800205;
Vícar;Longitud;-2,646388;
Vícar;Altitud sobre el nivel del mar;105,84999847;
Zurgena;Latitud;37,342604;
Zurgena;Longitud;-2,039624;
Zurgena;Altitud sobre el nivel del mar;241,02000427;
Alcalá de los Gazules;Latitud;36,461918;
Alcalá de los Gazules;Longitud;-5,721263;
Alcalá de los Gazules;Altitud sobre el nivel del mar;167,00999451;
Alcalá del Valle;Latitud;36,905025;
Alcalá del Valle;Longitud;-5,173264;
Alcalá del Valle;Altitud sobre el nivel del mar;618,86999512;
Algar;Latitud;36,655279;
Algar;Longitud;-5,657568;
Algar;Altitud sobre el nivel del mar;205,30000305;
Algeciras;Latitud;36,131684;
Algeciras;Longitud;-5,447767;
Algeciras;Altitud sobre el nivel del mar;18,11000061;
Algodonales;Latitud;36,88073;
Algodonales;Longitud;-5,404604;
Algodonales;Altitud sobre el nivel del mar;365,58999634;
Arcos de la Frontera;Latitud;36,747979;
Arcos de la Frontera;Longitud;-5,806655;
Arcos de la Frontera;Altitud sobre el nivel del mar;183,05000305;
Barbate;Latitud;36,192893;
Barbate;Longitud;-5,918854;
Barbate;Altitud sobre el nivel del mar;10;
Benalup-Casas Viejas;Latitud;36,346441;
Benalup-Casas Viejas;Longitud;-5,812127;
Benalup-Casas Viejas;Altitud sobre el nivel del mar;106,75;
Benaocaz;Latitud;36,699493;
Benaocaz;Longitud;-5,421256;
Benaocaz;Altitud sobre el nivel del mar;792,98999023;
Bornos;Latitud;36,815414;
Bornos;Longitud;-5,744811;
Bornos;Altitud sobre el nivel del mar;160,33000183;
Cádiz (capital);Latitud;36,529539;
Cádiz (capital);Longitud;-6,292913;
Cádiz (capital);Altitud sobre el nivel del mar;2,8599999;
Castellar de la Frontera;Latitud;36,286044;
Castellar de la Frontera;Longitud;-5,420114;
Castellar de la Frontera;Altitud sobre el nivel del mar;27,09000015;
Chiclana de la Frontera;Latitud;36,419699;
Chiclana de la Frontera;Longitud;-6,149286;
Chiclana de la Frontera;Altitud sobre el nivel del mar;5,51000023;
Chipiona;Latitud;36,738002;
Chipiona;Longitud;-6,427671;
Chipiona;Altitud sobre el nivel del mar;5,82999992;
Conil de la Frontera;Latitud;36,277038;
Conil de la Frontera;Longitud;-6,088055;
Conil de la Frontera;Altitud sobre el nivel del mar;30,07999992;
El Bosque;Latitud;36,759293;
El Bosque;Longitud;-5,505291;
El Bosque;Altitud sobre el nivel del mar;285,05999756;
El Gastor;Latitud;36,854959;
El Gastor;Longitud;-5,323763;
El Gastor;Altitud sobre el nivel del mar;608,61999512;
El Puerto de Santa María;Latitud;36,594655;
El Puerto de Santa María;Longitud;-6,22782;
El Puerto de Santa María;Altitud sobre el nivel del mar;3,97000003;
Espera;Latitud;36,872679;
Espera;Longitud;-5,807175;
Espera;Altitud sobre el nivel del mar;144,80999756;
Grazalema;Latitud;36,758926;
Grazalema;Longitud;-5,366331;
Grazalema;Altitud sobre el nivel del mar;825,30999756;
Jerez de la Frontera;Latitud;36,682877;
Jerez de la Frontera;Longitud;-6,138431;
Jerez de la Frontera;Altitud sobre el nivel del mar;44,58000183;
Jimena de la Frontera;Latitud;36,434101;
Jimena de la Frontera;Longitud;-5,453467;
Jimena de la Frontera;Altitud sobre el nivel del mar;145,05000305;
La Línea de la Concepción;Latitud;36,160504;
La Línea de la Concepción;Longitud;-5,351808;
La Línea de la Concepción;Altitud sobre el nivel del mar;3,01999998;
Los Barrios;Latitud;36,185533;
Los Barrios;Longitud;-5,493038;
Los Barrios;Altitud sobre el nivel del mar;21,89999962;
Medina Sidonia;Latitud;36,456057;
Medina Sidonia;Longitud;-5,927587;
Medina Sidonia;Altitud sobre el nivel del mar;261,61999512;
Olvera;Latitud;36,935369;
Olvera;Longitud;-5,267563;
Olvera;Altitud sobre el nivel del mar;603,13000488;
Paterna de Rivera;Latitud;36,523191;
Paterna de Rivera;Longitud;-5,865788;
Paterna de Rivera;Altitud sobre el nivel del mar;123,01000214;
Prado del Rey;Latitud;36,787564;
Prado del Rey;Longitud;-5,556617;
Prado del Rey;Altitud sobre el nivel del mar;431,13000488;
Puerto Real;Latitud;36,528874;
Puerto Real;Longitud;-6,192335;
Puerto Real;Altitud sobre el nivel del mar;6,48000002;
Puerto Serrano;Latitud;36,923848;
Puerto Serrano;Longitud;-5,544358;
Puerto Serrano;Altitud sobre el nivel del mar;162,58000183;
Rota;Latitud;36,61842;
Rota;Longitud;-6,358085;
Rota;Altitud sobre el nivel del mar;9,22999954;
San Fernando;Latitud;36,464911;
San Fernando;Longitud;-6,198771;
San Fernando;Altitud sobre el nivel del mar;19,28000069;
San José del Valle;Latitud;36,605476;
San José del Valle;Longitud;-5,79884;
San José del Valle;Altitud sobre el nivel del mar;140,36999512;
San Martín del Tesorillo;Latitud;36,34109;
San Martín del Tesorillo;Longitud;-5,322914;
San Martín del Tesorillo;Altitud sobre el nivel del mar;11,69999981;
San Roque;Latitud;36,209636;
San Roque;Longitud;-5,383813;
San Roque;Altitud sobre el nivel del mar;103,58000183;
Sanlúcar de Barrameda;Latitud;36,775012;
Sanlúcar de Barrameda;Longitud;-6,354649;
Sanlúcar de Barrameda;Altitud sobre el nivel del mar;27,60000038;
Setenil de las Bodegas;Latitud;36,863958;
Setenil de las Bodegas;Longitud;-5,181404;
Setenil de las Bodegas;Altitud sobre el nivel del mar;560,27001953;
Tarifa;Latitud;36,011581;
Tarifa;Longitud;-5,602094;
Tarifa;Altitud sobre el nivel del mar;8,38000011;
Torre Alháquime;Latitud;36,915884;
Torre Alháquime;Longitud;-5,234348;
Torre Alháquime;Altitud sobre el nivel del mar;482,38000488;
Trebujena;Latitud;36,869573;
Trebujena;Longitud;-6,176709;
Trebujena;Altitud sobre el nivel del mar;70,58000183;
Ubrique;Latitud;36,677459;
Ubrique;Longitud;-5,443146;
Ubrique;Altitud sobre el nivel del mar;334,98999023;
Vejer de la Frontera;Latitud;36,253361;
Vejer de la Frontera;Longitud;-5,962855;
Vejer de la Frontera;Altitud sobre el nivel del mar;167,30000305;
Villaluenga del Rosario;Latitud;36,696409;
Villaluenga del Rosario;Longitud;-5,38633;
Villaluenga del Rosario;Altitud sobre el nivel del mar;867,48999023;
Villamartín;Latitud;36,861156;
Villamartín;Longitud;-5,641523;
Villamartín;Altitud sobre el nivel del mar;168,36999512;
Zahara;Latitud;36,840627;
Zahara;Longitud;-5,390829;
Zahara;Altitud sobre el nivel del mar;509,42001343;
Adamuz;Latitud;38,027443;
Adamuz;Longitud;-4,524987;
Adamuz;Altitud sobre el nivel del mar;243,72999573;
Aguilar de la Frontera;Latitud;37,515012;
Aguilar de la Frontera;Longitud;-4,656169;
Aguilar de la Frontera;Altitud sobre el nivel del mar;372,88000488;
Alcaracejos;Latitud;38,388257;
Alcaracejos;Longitud;-4,967698;
Alcaracejos;Altitud sobre el nivel del mar;607,57000732;
Almedinilla;Latitud;37,439002;
Almedinilla;Longitud;-4,090714;
Almedinilla;Altitud sobre el nivel del mar;628,35998535;
Almodóvar del Río;Latitud;37,809532;
Almodóvar del Río;Longitud;-5,019826;
Almodóvar del Río;Altitud sobre el nivel del mar;110,76000214;
Añora;Latitud;38,412229;
Añora;Longitud;-4,897914;
Añora;Altitud sobre el nivel del mar;625,07000732;
Baena;Latitud;37,614388;
Baena;Longitud;-4,326432;
Baena;Altitud sobre el nivel del mar;427,88000488;
Belalcázar;Latitud;38,578395;
Belalcázar;Longitud;-5,167082;
Belalcázar;Altitud sobre el nivel del mar;491,23001099;
Belmez;Latitud;38,272403;
Belmez;Longitud;-5,208721;
Belmez;Altitud sobre el nivel del mar;527,59002686;
Benamejí;Latitud;37,267541;
Benamejí;Longitud;-4,540447;
Benamejí;Altitud sobre el nivel del mar;455,48999023;
Bujalance;Latitud;37,897009;
Bujalance;Longitud;-4,382645;
Bujalance;Altitud sobre el nivel del mar;346,35998535;
Cabra;Latitud;37,473344;
Cabra;Longitud;-4,442479;
Cabra;Altitud sobre el nivel del mar;450,79998779;
Cañete de las Torres;Latitud;37,867528;
Cañete de las Torres;Longitud;-4,318804;
Cañete de las Torres;Altitud sobre el nivel del mar;321,86999512;
Carcabuey;Latitud;37,443627;
Carcabuey;Longitud;-4,273624;
Carcabuey;Altitud sobre el nivel del mar;624,04998779;
Cardeña;Latitud;38,270286;
Cardeña;Longitud;-4,323764;
Cardeña;Altitud sobre el nivel del mar;747,60998535;
Castro del Río;Latitud;37,688753;
Castro del Río;Longitud;-4,481677;
Castro del Río;Altitud sobre el nivel del mar;237,46000671;
Conquista;Latitud;38,408172;
Conquista;Longitud;-4,501055;
Conquista;Altitud sobre el nivel del mar;597,02001953;
Córdoba (capital);Latitud;37,884984;
Córdoba (capital);Longitud;-4,776235;
Córdoba (capital);Altitud sobre el nivel del mar;111,01999664;
Doña Mencía;Latitud;37,55447;
Doña Mencía;Longitud;-4,357639;
Doña Mencía;Altitud sobre el nivel del mar;590,26000977;
Dos Torres;Latitud;38,445221;
Dos Torres;Longitud;-4,894762;
Dos Torres;Altitud sobre el nivel del mar;586,44000244;
El Carpio;Latitud;37,940665;
El Carpio;Longitud;-4,498684;
El Carpio;Altitud sobre el nivel del mar;178,19999695;
El Guijo;Latitud;38,496128;
El Guijo;Longitud;-4,782865;
El Guijo;Altitud sobre el nivel del mar;565,84002686;
El Viso;Latitud;38,48269;
El Viso;Longitud;-4,955481;
El Viso;Altitud sobre el nivel del mar;574,63000488;
Encinas Reales;Latitud;37,272804;
Encinas Reales;Longitud;-4,487471;
Encinas Reales;Altitud sobre el nivel del mar;444,04998779;
Espejo;Latitud;37,682438;
Espejo;Longitud;-4,55225;
Espejo;Altitud sobre el nivel del mar;389,69000244;
Espiel;Latitud;38,188604;
Espiel;Longitud;-5,018259;
Espiel;Altitud sobre el nivel del mar;544,90997314;
Fernán-Núñez;Latitud;37,671937;
Fernán-Núñez;Longitud;-4,724009;
Fernán-Núñez;Altitud sobre el nivel del mar;313,8500061;
Fuente Carreteros;Latitud;37,669107;
Fuente Carreteros;Longitud;-5,155475;
Fuente Carreteros;Altitud sobre el nivel del mar;155,07000732;
Fuente la Lancha;Latitud;38,422586;
Fuente la Lancha;Longitud;-5,048896;
Fuente la Lancha;Altitud sobre el nivel del mar;558,21002197;
Fuente Obejuna;Latitud;38,267027;
Fuente Obejuna;Longitud;-5,419849;
Fuente Obejuna;Altitud sobre el nivel del mar;624,77001953;
Fuente Palmera;Latitud;37,703505;
Fuente Palmera;Longitud;-5,103925;
Fuente Palmera;Altitud sobre el nivel del mar;157,63000488;
Fuente-Tójar;Latitud;37,5093;
Fuente-Tójar;Longitud;-4,145245;
Fuente-Tójar;Altitud sobre el nivel del mar;606,88000488;
Guadalcázar;Latitud;37,757421;
Guadalcázar;Longitud;-4,944792;
Guadalcázar;Altitud sobre el nivel del mar;160,32000732;
Hinojosa del Duque;Latitud;38,499452;
Hinojosa del Duque;Longitud;-5,152051;
Hinojosa del Duque;Altitud sobre el nivel del mar;545,23999023;
Hornachuelos;Latitud;37,830749;
Hornachuelos;Longitud;-5,243372;
Hornachuelos;Altitud sobre el nivel del mar;148,91999817;
Iznájar;Latitud;37,257258;
Iznájar;Longitud;-4,308411;
Iznájar;Altitud sobre el nivel del mar;517,76000977;
La Carlota;Latitud;37,673578;
La Carlota;Longitud;-4,932812;
La Carlota;Altitud sobre el nivel del mar;213,53999329;
La Granjuela;Latitud;38,371032;
La Granjuela;Longitud;-5,351398;
La Granjuela;Altitud sobre el nivel del mar;553,07000732;
La Guijarrosa;Latitud;37,636618;
La Guijarrosa;Longitud;-4,864919;
La Guijarrosa;Altitud sobre el nivel del mar;290,64001465;
La Rambla;Latitud;37,607998;
La Rambla;Longitud;-4,742104;
La Rambla;Altitud sobre el nivel del mar;327,29000854;
La Victoria;Latitud;37,68106;
La Victoria;Longitud;-4,852287;
La Victoria;Altitud sobre el nivel del mar;263,89001465;
Los Blázquez;Latitud;38,406687;
Los Blázquez;Longitud;-5,438429;
Los Blázquez;Altitud sobre el nivel del mar;595,10998535;
Lucena;Latitud;37,408854;
Lucena;Longitud;-4,485644;
Lucena;Altitud sobre el nivel del mar;485,72000122;
Luque;Latitud;37,559418;
Luque;Longitud;-4,276476;
Luque;Altitud sobre el nivel del mar;662,40002441;
Montalbán de Córdoba;Latitud;37,582839;
Montalbán de Córdoba;Longitud;-4,749802;
Montalbán de Córdoba;Altitud sobre el nivel del mar;279,23001099;
Montemayor;Latitud;37,648243;
Montemayor;Longitud;-4,699232;
Montemayor;Altitud sobre el nivel del mar;388,01000977;
Montilla;Latitud;37,586221;
Montilla;Longitud;-4,640479;
Montilla;Altitud sobre el nivel del mar;373,77999878;
Montoro;Latitud;38,026218;
Montoro;Longitud;-4,381888;
Montoro;Altitud sobre el nivel del mar;195,13999939;
Monturque;Latitud;37,473342;
Monturque;Longitud;-4,581772;
Monturque;Altitud sobre el nivel del mar;376,33999634;
Moriles;Latitud;37,435352;
Moriles;Longitud;-4,608857;
Moriles;Altitud sobre el nivel del mar;376,38000488;
Nueva Carteya;Latitud;37,586209;
Nueva Carteya;Longitud;-4,467187;
Nueva Carteya;Altitud sobre el nivel del mar;431,80999756;
Obejo;Latitud;38,134277;
Obejo;Longitud;-4,800102;
Obejo;Altitud sobre el nivel del mar;703,03997803;
Palenciana;Latitud;37,249335;
Palenciana;Longitud;-4,583814;
Palenciana;Altitud sobre el nivel del mar;392,95001221;
Palma del Río;Latitud;37,701711;
Palma del Río;Longitud;-5,283386;
Palma del Río;Altitud sobre el nivel del mar;55,72999954;
Pedro Abad;Latitud;37,967199;
Pedro Abad;Longitud;-4,457219;
Pedro Abad;Altitud sobre el nivel del mar;161,5;
Pedroche;Latitud;38,428729;
Pedroche;Longitud;-4,763228;
Pedroche;Altitud sobre el nivel del mar;620,92999268;
Peñarroya-Pueblonuevo;Latitud;38,299784;
Peñarroya-Pueblonuevo;Longitud;-5,268556;
Peñarroya-Pueblonuevo;Altitud sobre el nivel del mar;534,59002686;
Posadas;Latitud;37,800449;
Posadas;Longitud;-5,107048;
Posadas;Altitud sobre el nivel del mar;86,41999817;
Pozoblanco;Latitud;38,377396;
Pozoblanco;Longitud;-4,848388;
Pozoblanco;Altitud sobre el nivel del mar;643,4699707;
Priego de Córdoba;Latitud;37,438917;
Priego de Córdoba;Longitud;-4,194907;
Priego de Córdoba;Altitud sobre el nivel del mar;650,70001221;
Puente Genil;Latitud;37,390452;
Puente Genil;Longitud;-4,77043;
Puente Genil;Altitud sobre el nivel del mar;215,72999573;
Rute;Latitud;37,325899;
Rute;Longitud;-4,37129;
Rute;Altitud sobre el nivel del mar;632,5300293;
San Sebastián de los Ballesteros;Latitud;37,654722;
San Sebastián de los Ballesteros;Longitud;-4,824905;
San Sebastián de los Ballesteros;Altitud sobre el nivel del mar;311,79998779;
Santa Eufemia;Latitud;38,595406;
Santa Eufemia;Longitud;-4,902757;
Santa Eufemia;Altitud sobre el nivel del mar;543,79998779;
Santaella;Latitud;37,566401;
Santaella;Longitud;-4,845447;
Santaella;Altitud sobre el nivel del mar;238,22999573;
Torrecampo;Latitud;38,475119;
Torrecampo;Longitud;-4,679275;
Torrecampo;Altitud sobre el nivel del mar;573,67999268;
Valenzuela;Latitud;37,775477;
Valenzuela;Longitud;-4,219725;
Valenzuela;Altitud sobre el nivel del mar;342,10998535;
Valsequillo;Latitud;38,40498;
Valsequillo;Longitud;-5,351635;
Valsequillo;Altitud sobre el nivel del mar;577,86999512;
Villa del Río;Latitud;37,982293;
Villa del Río;Longitud;-4,290364;
Villa del Río;Altitud sobre el nivel del mar;165,69000244;
Villafranca de Córdoba;Latitud;37,961971;
Villafranca de Córdoba;Longitud;-4,546;
Villafranca de Córdoba;Altitud sobre el nivel del mar;144,13000488;
Villaharta;Latitud;38,139569;
Villaharta;Longitud;-4,901534;
Villaharta;Altitud sobre el nivel del mar;571,48999023;
Villanueva de Córdoba;Latitud;38,322916;
Villanueva de Córdoba;Longitud;-4,628366;
Villanueva de Córdoba;Altitud sobre el nivel del mar;723,91998291;
Villanueva del Duque;Latitud;38,392914;
Villanueva del Duque;Longitud;-5,000235;
Villanueva del Duque;Altitud sobre el nivel del mar;581,35998535;
Villanueva del Rey;Latitud;38,199697;
Villanueva del Rey;Longitud;-5,151431;
Villanueva del Rey;Altitud sobre el nivel del mar;551,40002441;
Villaralto;Latitud;38,455682;
Villaralto;Longitud;-4,984342;
Villaralto;Altitud sobre el nivel del mar;581,03997803;
Villaviciosa de Córdoba;Latitud;38,076236;
Villaviciosa de Córdoba;Longitud;-5,014256;
Villaviciosa de Córdoba;Altitud sobre el nivel del mar;696,75;
Zuheros;Latitud;37,54354;
Zuheros;Longitud;-4,316572;
Zuheros;Altitud sobre el nivel del mar;658,96002197;
Agrón;Latitud;37,030104;
Agrón;Longitud;-3,829328;
Agrón;Altitud sobre el nivel del mar;1059,98999023;
Alamedilla;Latitud;37,581725;
Alamedilla;Longitud;-3,244387;
Alamedilla;Altitud sobre el nivel del mar;864,35998535;
Albolote;Latitud;37,230548;
Albolote;Longitud;-3,657339;
Albolote;Altitud sobre el nivel del mar;649,47998047;
Albondón;Latitud;36,827281;
Albondón;Longitud;-3,211111;
Albondón;Altitud sobre el nivel del mar;919,77001953;
Albuñán;Latitud;37,227319;
Albuñán;Longitud;-3,13335;
Albuñán;Altitud sobre el nivel del mar;1115,43005371;
Albuñol;Latitud;36,791937;
Albuñol;Longitud;-3,205847;
Albuñol;Altitud sobre el nivel del mar;243,91999817;
Albuñuelas;Latitud;36,928082;
Albuñuelas;Longitud;-3,631948;
Albuñuelas;Altitud sobre el nivel del mar;731,67999268;
Aldeire;Latitud;37,162661;
Aldeire;Longitud;-3,072466;
Aldeire;Altitud sobre el nivel del mar;1267,11999512;
Alfacar;Latitud;37,23668;
Alfacar;Longitud;-3,570867;
Alfacar;Altitud sobre el nivel del mar;915,69000244;
Algarinejo;Latitud;37,324969;
Algarinejo;Longitud;-4,158785;
Algarinejo;Altitud sobre el nivel del mar;596,30999756;
Alhama de Granada;Latitud;37,002333;
Alhama de Granada;Longitud;-3,988115;
Alhama de Granada;Altitud sobre el nivel del mar;878,2199707;
Alhendín;Latitud;37,107916;
Alhendín;Longitud;-3,645331;
Alhendín;Altitud sobre el nivel del mar;739,13000488;
Alicún de Ortega;Latitud;37,607501;
Alicún de Ortega;Longitud;-3,137822;
Alicún de Ortega;Altitud sobre el nivel del mar;721,71002197;
Almegíjar;Latitud;36,902507;
Almegíjar;Longitud;-3,299573;
Almegíjar;Altitud sobre el nivel del mar;805,55999756;
Almuñécar;Latitud;36,733935;
Almuñécar;Longitud;-3,691159;
Almuñécar;Altitud sobre el nivel del mar;14,27000046;
Alpujarra de la Sierra;Latitud;36,980846;
Alpujarra de la Sierra;Longitud;-3,155549;
Alpujarra de la Sierra;Altitud sobre el nivel del mar;1192,65002441;
Alquife;Latitud;37,178857;
Alquife;Longitud;-3,115089;
Alquife;Altitud sobre el nivel del mar;1191,31005859;
Arenas del Rey;Latitud;36,957938;
Arenas del Rey;Longitud;-3,894029;
Arenas del Rey;Altitud sobre el nivel del mar;866,2199707;
Armilla;Latitud;37,142924;
Armilla;Longitud;-3,627869;
Armilla;Altitud sobre el nivel del mar;670,97998047;
Atarfe;Latitud;37,222655;
Atarfe;Longitud;-3,686485;
Atarfe;Altitud sobre el nivel del mar;600,01000977;
Baza;Latitud;37,49064;
Baza;Longitud;-2,774403;
Baza;Altitud sobre el nivel del mar;843,7199707;
Beas de Granada;Latitud;37,215584;
Beas de Granada;Longitud;-3,481557;
Beas de Granada;Altitud sobre el nivel del mar;1077,06005859;
Beas de Guadix;Latitud;37,27948;
Beas de Guadix;Longitud;-3,205941;
Beas de Guadix;Altitud sobre el nivel del mar;950,54998779;
Benalúa;Latitud;37,350499;
Benalúa;Longitud;-3,166533;
Benalúa;Altitud sobre el nivel del mar;863,48999023;
Benalúa de las Villas;Latitud;37,427462;
Benalúa de las Villas;Longitud;-3,683348;
Benalúa de las Villas;Altitud sobre el nivel del mar;844,78997803;
Benamaurel;Latitud;37,608813;
Benamaurel;Longitud;-2,698723;
Benamaurel;Altitud sobre el nivel del mar;718,52001953;
Bérchules;Latitud;36,976792;
Bérchules;Longitud;-3,190406;
Bérchules;Altitud sobre el nivel del mar;1331,20996094;
Bubión;Latitud;36,94882;
Bubión;Longitud;-3,356736;
Bubión;Altitud sobre el nivel del mar;1300,04003906;
Busquístar;Latitud;36,937765;
Busquístar;Longitud;-3,294789;
Busquístar;Altitud sobre el nivel del mar;1153,88000488;
Cacín;Latitud;37,059881;
Cacín;Longitud;-3,917068;
Cacín;Altitud sobre el nivel del mar;700,51000977;
Cádiar;Latitud;36,946403;
Cádiar;Longitud;-3,180378;
Cádiar;Altitud sobre el nivel del mar;925,22998047;
Cájar;Latitud;37,134215;
Cájar;Longitud;-3,570766;
Cájar;Altitud sobre el nivel del mar;731,47998047;
Calicasas;Latitud;37,273452;
Calicasas;Longitud;-3,618514;
Calicasas;Altitud sobre el nivel del mar;758,39001465;
Campotéjar;Latitud;37,481485;
Campotéjar;Longitud;-3,616453;
Campotéjar;Altitud sobre el nivel del mar;925,95001221;
Caniles;Latitud;37,436252;
Caniles;Longitud;-2,722161;
Caniles;Altitud sobre el nivel del mar;903,89001465;
Cáñar;Latitud;36,926103;
Cáñar;Longitud;-3,427846;
Cáñar;Altitud sobre el nivel del mar;1022,82000732;
Capileira;Latitud;36,96132;
Capileira;Longitud;-3,35851;
Capileira;Altitud sobre el nivel del mar;1457,26000977;
Carataunas;Latitud;36,922938;
Carataunas;Longitud;-3,40807;
Carataunas;Altitud sobre el nivel del mar;763,65997314;
Cástaras;Latitud;36,931439;
Cástaras;Longitud;-3,25369;
Cástaras;Altitud sobre el nivel del mar;1000,58001709;
Castilléjar;Latitud;37,714635;
Castilléjar;Longitud;-2,643025;
Castilléjar;Altitud sobre el nivel del mar;770,91998291;
Castril;Latitud;37,795671;
Castril;Longitud;-2,77872;
Castril;Altitud sobre el nivel del mar;890,46002197;
Cenes de la Vega;Latitud;37,159494;
Cenes de la Vega;Longitud;-3,538663;
Cenes de la Vega;Altitud sobre el nivel del mar;736,55999756;
Chauchina;Latitud;37,201197;
Chauchina;Longitud;-3,772831;
Chauchina;Altitud sobre el nivel del mar;550,70001221;
Chimeneas;Latitud;37,131158;
Chimeneas;Longitud;-3,823279;
Chimeneas;Altitud sobre el nivel del mar;696,47998047;
Churriana de la Vega;Latitud;37,147688;
Churriana de la Vega;Longitud;-3,645997;
Churriana de la Vega;Altitud sobre el nivel del mar;656,35998535;
Cijuela;Latitud;37,19975;
Cijuela;Longitud;-3,810344;
Cijuela;Altitud sobre el nivel del mar;540,5300293;
Cogollos de Guadix;Latitud;37,224425;
Cogollos de Guadix;Longitud;-3,161329;
Cogollos de Guadix;Altitud sobre el nivel del mar;1138,06005859;
Cogollos de la Vega;Latitud;37,274761;
Cogollos de la Vega;Longitud;-3,574609;
Cogollos de la Vega;Altitud sobre el nivel del mar;998,35998535;
Colomera;Latitud;37,371653;
Colomera;Longitud;-3,714027;
Colomera;Altitud sobre el nivel del mar;841,75;
Cortes de Baza;Latitud;37,655027;
Cortes de Baza;Longitud;-2,769849;
Cortes de Baza;Altitud sobre el nivel del mar;705,30999756;
Cortes y Graena;Latitud;37,303739;
Cortes y Graena;Longitud;-3,218759;
Cortes y Graena;Altitud sobre el nivel del mar;967,52001953;
Cuevas del Campo;Latitud;37,608653;
Cuevas del Campo;Longitud;-2,930687;
Cuevas del Campo;Altitud sobre el nivel del mar;830,88000488;
Cúllar;Latitud;37,583537;
Cúllar;Longitud;-2,576013;
Cúllar;Altitud sobre el nivel del mar;886,33001709;
Cúllar Vega;Latitud;37,153332;
Cúllar Vega;Longitud;-3,670337;
Cúllar Vega;Altitud sobre el nivel del mar;641,40997314;
Darro;Latitud;37,349226;
Darro;Longitud;-3,292417;
Darro;Altitud sobre el nivel del mar;1114,02001953;
Dehesas de Guadix;Latitud;37,58872;
Dehesas de Guadix;Longitud;-3,102209;
Dehesas de Guadix;Altitud sobre el nivel del mar;679,11999512;
Dehesas Viejas;Latitud;37,47259;
Dehesas Viejas;Longitud;-3,551874;
Dehesas Viejas;Altitud sobre el nivel del mar;1014,2199707;
Deifontes;Latitud;37,325209;
Deifontes;Longitud;-3,594458;
Deifontes;Altitud sobre el nivel del mar;737,5300293;
Diezma;Latitud;37,321036;
Diezma;Longitud;-3,331604;
Diezma;Altitud sobre el nivel del mar;1225,90002441;
Dílar;Latitud;37,075173;
Dílar;Longitud;-3,601891;
Dílar;Altitud sobre el nivel del mar;876,63000488;
Dólar;Latitud;37,180004;
Dólar;Longitud;-2,989343;
Dólar;Altitud sobre el nivel del mar;1199,25;
Domingo Pérez de Granada;Latitud;37,497209;
Domingo Pérez de Granada;Longitud;-3,508484;
Domingo Pérez de Granada;Altitud sobre el nivel del mar;973,90997314;
Dúdar;Latitud;37,185748;
Dúdar;Longitud;-3,483683;
Dúdar;Altitud sobre el nivel del mar;805,72998047;
Dúrcal;Latitud;36,987846;
Dúrcal;Longitud;-3,565899;
Dúrcal;Altitud sobre el nivel del mar;786,59002686;
El Pinar;Latitud;36,912791;
El Pinar;Longitud;-3,553768;
El Pinar;Altitud sobre el nivel del mar;686,64001465;
El Valle;Latitud;36,928986;
El Valle;Longitud;-3,581625;
El Valle;Altitud sobre el nivel del mar;538,40997314;
Escúzar;Latitud;37,061816;
Escúzar;Longitud;-3,761289;
Escúzar;Altitud sobre el nivel del mar;878,54998779;
Ferreira;Latitud;37,172297;
Ferreira;Longitud;-3,036104;
Ferreira;Altitud sobre el nivel del mar;1273,04003906;
Fonelas;Latitud;37,413556;
Fonelas;Longitud;-3,173364;
Fonelas;Altitud sobre el nivel del mar;789,25;
Fornes;Latitud;36,95446;
Fornes;Longitud;-3,855482;
Fornes;Altitud sobre el nivel del mar;851,85998535;
Freila;Latitud;37,528715;
Freila;Longitud;-2,906763;
Freila;Altitud sobre el nivel del mar;823,55999756;
Fuente Vaqueros;Latitud;37,219592;
Fuente Vaqueros;Longitud;-3,78308;
Fuente Vaqueros;Altitud sobre el nivel del mar;544,86999512;
Galera;Latitud;37,742936;
Galera;Longitud;-2,551189;
Galera;Altitud sobre el nivel del mar;834,27001953;
Gobernador;Latitud;37,477373;
Gobernador;Longitud;-3,320578;
Gobernador;Altitud sobre el nivel del mar;1039,98999023;
Gójar;Latitud;37,104452;
Gójar;Longitud;-3,605663;
Gójar;Altitud sobre el nivel del mar;796,64001465;
Gor;Latitud;37,36958;
Gor;Longitud;-2,969437;
Gor;Altitud sobre el nivel del mar;1238,47998047;
Gorafe;Latitud;37,479484;
Gorafe;Longitud;-3,042928;
Gorafe;Altitud sobre el nivel del mar;849,01000977;
Granada (capital);Latitud;37,17433;
Granada (capital);Longitud;-3,598653;
Granada (capital);Altitud sobre el nivel del mar;679,5300293;
Guadahortuna;Latitud;37,556468;
Guadahortuna;Longitud;-3,40077;
Guadahortuna;Altitud sobre el nivel del mar;966,40002441;
Guadix;Latitud;37,300458;
Guadix;Longitud;-3,134481;
Guadix;Altitud sobre el nivel del mar;909,78997803;
Gualchos;Latitud;36,722559;
Gualchos;Longitud;-3,35931;
Gualchos;Altitud sobre el nivel del mar;5,05000019;
Güéjar Sierra;Latitud;37,159859;
Güéjar Sierra;Longitud;-3,438513;
Güéjar Sierra;Altitud sobre el nivel del mar;1086,32995605;
Güevéjar;Latitud;37,256856;
Güevéjar;Longitud;-3,597672;
Güevéjar;Altitud sobre el nivel del mar;876,95001221;
Huélago;Latitud;37,419788;
Huélago;Longitud;-3,260167;
Huélago;Altitud sobre el nivel del mar;910,45001221;
Huéneja;Latitud;37,176897;
Huéneja;Longitud;-2,948302;
Huéneja;Altitud sobre el nivel del mar;1148,23999023;
Huéscar;Latitud;37,809532;
Huéscar;Longitud;-2,539589;
Huéscar;Altitud sobre el nivel del mar;951,59997559;
Huétor de Santillán;Latitud;37,218314;
Huétor de Santillán;Longitud;-3,517341;
Huétor de Santillán;Altitud sobre el nivel del mar;1025,34997559;
Huétor Tájar;Latitud;37,194383;
Huétor Tájar;Longitud;-4,047191;
Huétor Tájar;Altitud sobre el nivel del mar;484,36999512;
Huétor Vega;Latitud;37,145463;
Huétor Vega;Longitud;-3,569772;
Huétor Vega;Altitud sobre el nivel del mar;751,28997803;
Íllora;Latitud;37,288585;
Íllora;Longitud;-3,879583;
Íllora;Altitud sobre el nivel del mar;775,64001465;
Ítrabo;Latitud;36,799578;
Ítrabo;Longitud;-3,638671;
Ítrabo;Altitud sobre el nivel del mar;388,25;
Iznalloz;Latitud;37,392578;
Iznalloz;Longitud;-3,529837;
Iznalloz;Altitud sobre el nivel del mar;803,05999756;
Játar;Latitud;36,934147;
Játar;Longitud;-3,9094;
Játar;Altitud sobre el nivel del mar;973,47998047;
Jayena;Latitud;36,948919;
Jayena;Longitud;-3,822867;
Jayena;Altitud sobre el nivel del mar;914,14001465;
Jérez del Marquesado;Latitud;37,183902;
Jérez del Marquesado;Longitud;-3,159787;
Jérez del Marquesado;Altitud sobre el nivel del mar;1236,61999512;
Jete;Latitud;36,797355;
Jete;Longitud;-3,667876;
Jete;Altitud sobre el nivel del mar;139,49000549;
Jun;Latitud;37,220706;
Jun;Longitud;-3,594422;
Jun;Altitud sobre el nivel del mar;764,20001221;
Juviles;Latitud;36,948215;
Juviles;Longitud;-3,225747;
Juviles;Altitud sobre el nivel del mar;1258,13000488;
La Calahorra;Latitud;37,181375;
La Calahorra;Longitud;-3,064416;
La Calahorra;Altitud sobre el nivel del mar;1193,72998047;
La Malahá;Latitud;37,101558;
La Malahá;Longitud;-3,722587;
La Malahá;Altitud sobre el nivel del mar;710,44000244;
La Peza;Latitud;37,27562;
La Peza;Longitud;-3,284715;
La Peza;Altitud sobre el nivel del mar;996,35998535;
La Taha;Latitud;36,936019;
La Taha;Longitud;-3,325925;
La Taha;Altitud sobre el nivel del mar;1251,02001953;
La Zubia;Latitud;37,120597;
La Zubia;Longitud;-3,584906;
La Zubia;Altitud sobre el nivel del mar;744,53997803;
Láchar;Latitud;37,195029;
Láchar;Longitud;-3,834029;
Láchar;Altitud sobre el nivel del mar;556,57000732;
Lanjarón;Latitud;36,918093;
Lanjarón;Longitud;-3,480523;
Lanjarón;Altitud sobre el nivel del mar;656,33001709;
Lanteira;Latitud;37,168888;
Lanteira;Longitud;-3,138501;
Lanteira;Altitud sobre el nivel del mar;1273,10998535;
Las Gabias;Latitud;37,136481;
Las Gabias;Longitud;-3,669222;
Las Gabias;Altitud sobre el nivel del mar;678,08001709;
Lecrín;Latitud;36,947994;
Lecrín;Longitud;-3,550565;
Lecrín;Altitud sobre el nivel del mar;708,52001953;
Lentegí;Latitud;36,834357;
Lentegí;Longitud;-3,6746;
Lentegí;Altitud sobre el nivel del mar;631,84997559;
Lobras;Latitud;36,92914;
Lobras;Longitud;-3,21245;
Lobras;Altitud sobre el nivel del mar;918,16998291;
Loja;Latitud;37,166604;
Loja;Longitud;-4,150049;
Loja;Altitud sobre el nivel del mar;486,04000854;
Los Guájares;Latitud;36,841566;
Los Guájares;Longitud;-3,584333;
Los Guájares;Altitud sobre el nivel del mar;323,25;
Lugros;Latitud;37,229845;
Lugros;Longitud;-3,240861;
Lugros;Altitud sobre el nivel del mar;1247,59997559;
Lújar;Latitud;36,786705;
Lújar;Longitud;-3,404706;
Lújar;Altitud sobre el nivel del mar;511,20001221;
Maracena;Latitud;37,207232;
Maracena;Longitud;-3,63439;
Maracena;Altitud sobre el nivel del mar;657,58001709;
Marchal;Latitud;37,296356;
Marchal;Longitud;-3,202383;
Marchal;Altitud sobre el nivel del mar;937,47998047;
Moclín;Latitud;37,340044;
Moclín;Longitud;-3,785836;
Moclín;Altitud sobre el nivel del mar;1004,57000732;
Molvízar;Latitud;36,786816;
Molvízar;Longitud;-3,607438;
Molvízar;Altitud sobre el nivel del mar;234,5;
Monachil;Latitud;37,131624;
Monachil;Longitud;-3,539292;
Monachil;Altitud sobre el nivel del mar;806;
Montefrío;Latitud;37,320884;
Montefrío;Longitud;-4,01132;
Montefrío;Altitud sobre el nivel del mar;838,19000244;
Montejícar;Latitud;37,57186;
Montejícar;Longitud;-3,503816;
Montejícar;Altitud sobre el nivel del mar;1131,68994141;
Montillana;Latitud;37,500051;
Montillana;Longitud;-3,671881;
Montillana;Altitud sobre el nivel del mar;1015,76000977;
Moraleda de Zafayona;Latitud;37,169735;
Moraleda de Zafayona;Longitud;-3,965105;
Moraleda de Zafayona;Altitud sobre el nivel del mar;622,82000732;
Morelábor;Latitud;37,439236;
Morelábor;Longitud;-3,330814;
Morelábor;Altitud sobre el nivel del mar;1083,56994629;
Motril;Latitud;36,745091;
Motril;Longitud;-3,520302;
Motril;Altitud sobre el nivel del mar;37,27999878;
Murtas;Latitud;36,887385;
Murtas;Longitud;-3,108975;
Murtas;Altitud sobre el nivel del mar;1116,13000488;
Nevada;Latitud;37,008294;
Nevada;Longitud;-3,014593;
Nevada;Altitud sobre el nivel del mar;1010,32000732;
Nigüelas;Latitud;36,977406;
Nigüelas;Longitud;-3,539144;
Nigüelas;Altitud sobre el nivel del mar;933,67999268;
Nívar;Latitud;37,257919;
Nívar;Longitud;-3,577942;
Nívar;Altitud sobre el nivel del mar;1040,42004395;
Ogíjares;Latitud;37,120102;
Ogíjares;Longitud;-3,606701;
Ogíjares;Altitud sobre el nivel del mar;720,75;
Orce;Latitud;37,721424;
Orce;Longitud;-2,479266;
Orce;Altitud sobre el nivel del mar;926,5;
Órgiva;Latitud;36,902229;
Órgiva;Longitud;-3,423895;
Órgiva;Altitud sobre el nivel del mar;460,17999268;
Otívar;Latitud;36,81495;
Otívar;Longitud;-3,681488;
Otívar;Altitud sobre el nivel del mar;265,51000977;
Padul;Latitud;37,024364;
Padul;Longitud;-3,626671;
Padul;Altitud sobre el nivel del mar;754,71002197;
Pampaneira;Latitud;36,940047;
Pampaneira;Longitud;-3,361398;
Pampaneira;Altitud sobre el nivel del mar;1056,27001953;
Pedro Martínez;Latitud;37,501711;
Pedro Martínez;Longitud;-3,230609;
Pedro Martínez;Altitud sobre el nivel del mar;1035,17004395;
Peligros;Latitud;37,230841;
Peligros;Longitud;-3,628789;
Peligros;Altitud sobre el nivel del mar;689,27001953;
Pinos Genil;Latitud;37,163243;
Pinos Genil;Longitud;-3,502917;
Pinos Genil;Altitud sobre el nivel del mar;773,96002197;
Pinos Puente;Latitud;37,251665;
Pinos Puente;Longitud;-3,749438;
Pinos Puente;Altitud sobre el nivel del mar;577,55999756;
Píñar;Latitud;37,442584;
Píñar;Longitud;-3,44061;
Píñar;Altitud sobre el nivel del mar;914,33001709;
Polícar;Latitud;37,257355;
Polícar;Longitud;-3,232839;
Polícar;Altitud sobre el nivel del mar;1153,82995605;
Polopos;Latitud;36,746341;
Polopos;Longitud;-3,278661;
Polopos;Altitud sobre el nivel del mar;2,05999994;
Pórtugos;Latitud;36,942339;
Pórtugos;Longitud;-3,310296;
Pórtugos;Altitud sobre el nivel del mar;1320,38000488;
Puebla de Don Fadrique;Latitud;37,95806;
Puebla de Don Fadrique;Longitud;-2,434914;
Puebla de Don Fadrique;Altitud sobre el nivel del mar;1159,26000977;
Pulianas;Latitud;37,222638;
Pulianas;Longitud;-3,608192;
Pulianas;Altitud sobre el nivel del mar;728,78997803;
Purullena;Latitud;37,31755;
Purullena;Longitud;-3,190846;
Purullena;Altitud sobre el nivel del mar;912,32000732;
Quéntar;Latitud;37,192063;
Quéntar;Longitud;-3,468211;
Quéntar;Altitud sobre el nivel del mar;847,83001709;
Rubite;Latitud;36,808847;
Rubite;Longitud;-3,347964;
Rubite;Altitud sobre el nivel del mar;794,03997803;
Salar;Latitud;37,152435;
Salar;Longitud;-4,066863;
Salar;Altitud sobre el nivel del mar;537,45001221;
Salobreña;Latitud;36,743134;
Salobreña;Longitud;-3,588271;
Salobreña;Altitud sobre el nivel del mar;67,68000031;
Santa Cruz del Comercio;Latitud;37,060523;
Santa Cruz del Comercio;Longitud;-3,976348;
Santa Cruz del Comercio;Altitud sobre el nivel del mar;741,54998779;
Santa Fe;Latitud;37,18951;
Santa Fe;Longitud;-3,718098;
Santa Fe;Altitud sobre el nivel del mar;580,79998779;
Soportújar;Latitud;36,928435;
Soportújar;Longitud;-3,40495;
Soportújar;Altitud sobre el nivel del mar;926,90002441;
Sorvilán;Latitud;36,79437;
Sorvilán;Longitud;-3,267336;
Sorvilán;Altitud sobre el nivel del mar;757,86999512;
Torre-Cardela;Latitud;37,504611;
Torre-Cardela;Longitud;-3,355839;
Torre-Cardela;Altitud sobre el nivel del mar;1215,35998535;
Torrenueva Costa;Latitud;36,701908;
Torrenueva Costa;Longitud;-3,485668;
Torrenueva Costa;Altitud sobre el nivel del mar;1,10000002;
Torvizcón;Latitud;36,877897;
Torvizcón;Longitud;-3,298511;
Torvizcón;Altitud sobre el nivel del mar;667,35998535;
Trevélez;Latitud;37,002515;
Trevélez;Longitud;-3,266432;
Trevélez;Altitud sobre el nivel del mar;1543,15002441;
Turón;Latitud;36,863656;
Turón;Longitud;-3,057704;
Turón;Altitud sobre el nivel del mar;698,91998291;
Ugíjar;Latitud;36,960986;
Ugíjar;Longitud;-3,05454;
Ugíjar;Altitud sobre el nivel del mar;547,40997314;
Valderrubio;Latitud;37,236024;
Valderrubio;Longitud;-3,817556;
Valderrubio;Altitud sobre el nivel del mar;545,09002686;
Valle del Zalabí;Latitud;37,262526;
Valle del Zalabí;Longitud;-3,100058;
Valle del Zalabí;Altitud sobre el nivel del mar;1001,53997803;
Válor;Latitud;36,996329;
Válor;Longitud;-3,080909;
Válor;Altitud sobre el nivel del mar;908,98999023;
Vegas del Genil;Latitud;37,171963;
Vegas del Genil;Longitud;-3,665378;
Vegas del Genil;Altitud sobre el nivel del mar;617,72998047;
Vélez de Benaudalla;Latitud;36,831965;
Vélez de Benaudalla;Longitud;-3,516017;
Vélez de Benaudalla;Altitud sobre el nivel del mar;174,66000366;
Ventas de Huelma;Latitud;37,066884;
Ventas de Huelma;Longitud;-3,821149;
Ventas de Huelma;Altitud sobre el nivel del mar;864,35998535;
Villa de Otura;Latitud;37,094342;
Villa de Otura;Longitud;-3,635014;
Villa de Otura;Altitud sobre el nivel del mar;779,09997559;
Villamena;Latitud;36,99081;
Villamena;Longitud;-3,589366;
Villamena;Altitud sobre el nivel del mar;764,95001221;
Villanueva de las Torres;Latitud;37,556602;
Villanueva de las Torres;Longitud;-3,090199;
Villanueva de las Torres;Altitud sobre el nivel del mar;643,76000977;
Villanueva Mesía;Latitud;37,214202;
Villanueva Mesía;Longitud;-4,011366;
Villanueva Mesía;Altitud sobre el nivel del mar;494,70001221;
Víznar;Latitud;37,231138;
Víznar;Longitud;-3,55388;
Víznar;Altitud sobre el nivel del mar;1078,93994141;
Zafarraya;Latitud;36,973733;
Zafarraya;Longitud;-4,141557;
Zafarraya;Altitud sobre el nivel del mar;893,23999023;
Zagra;Latitud;37,253533;
Zagra;Longitud;-4,168099;
Zagra;Altitud sobre el nivel del mar;685;
Zújar;Latitud;37,541053;
Zújar;Longitud;-2,84211;
Zújar;Altitud sobre el nivel del mar;766,85998535;
Alájar;Latitud;37,874717;
Alájar;Longitud;-6,665922;
Alájar;Altitud sobre el nivel del mar;577,20001221;
Aljaraque;Latitud;37,271086;
Aljaraque;Longitud;-7,021507;
Aljaraque;Altitud sobre el nivel del mar;30,75;
Almonaster la Real;Latitud;37,87181;
Almonaster la Real;Longitud;-6,787712;
Almonaster la Real;Altitud sobre el nivel del mar;574,54998779;
Almonte;Latitud;37,262293;
Almonte;Longitud;-6,518126;
Almonte;Altitud sobre el nivel del mar;74,37999725;
Alosno;Latitud;37,549245;
Alosno;Longitud;-7,113934;
Alosno;Altitud sobre el nivel del mar;179,32000732;
Aracena;Latitud;37,8921;
Aracena;Longitud;-6,55961;
Aracena;Altitud sobre el nivel del mar;673,05999756;
Aroche;Latitud;37,944256;
Aroche;Longitud;-6,953943;
Aroche;Altitud sobre el nivel del mar;411,51000977;
Arroyomolinos de León;Latitud;38,024684;
Arroyomolinos de León;Longitud;-6,42384;
Arroyomolinos de León;Altitud sobre el nivel del mar;594,70001221;
Ayamonte;Latitud;37,214251;
Ayamonte;Longitud;-7,409304;
Ayamonte;Altitud sobre el nivel del mar;2,93000007;
Beas;Latitud;37,426171;
Beas;Longitud;-6,792004;
Beas;Altitud sobre el nivel del mar;118,94000244;
Berrocal;Latitud;37,608989;
Berrocal;Longitud;-6,542644;
Berrocal;Altitud sobre el nivel del mar;297,01000977;
Bollullos Par del Condado;Latitud;37,335877;
Bollullos Par del Condado;Longitud;-6,535482;
Bollullos Par del Condado;Altitud sobre el nivel del mar;107,51000214;
Bonares;Latitud;37,321604;
Bonares;Longitud;-6,683188;
Bonares;Altitud sobre el nivel del mar;70;
Cabezas Rubias;Latitud;37,72564;
Cabezas Rubias;Longitud;-7,087043;
Cabezas Rubias;Altitud sobre el nivel del mar;219,61999512;
Cala;Latitud;37,971878;
Cala;Longitud;-6,315515;
Cala;Altitud sobre el nivel del mar;583,4699707;
Calañas;Latitud;37,654656;
Calañas;Longitud;-6,878593;
Calañas;Altitud sobre el nivel del mar;296,98999023;
Campofrío;Latitud;37,767421;
Campofrío;Longitud;-6,572638;
Campofrío;Altitud sobre el nivel del mar;516,51000977;
Cañaveral de León;Latitud;38,014444;
Cañaveral de León;Longitud;-6,527546;
Cañaveral de León;Altitud sobre el nivel del mar;540,90997314;
Cartaya;Latitud;37,282973;
Cartaya;Longitud;-7,155092;
Cartaya;Altitud sobre el nivel del mar;19,29000092;
Castaño del Robledo;Latitud;37,895087;
Castaño del Robledo;Longitud;-6,70367;
Castaño del Robledo;Altitud sobre el nivel del mar;743,03997803;
Chucena;Latitud;37,361813;
Chucena;Longitud;-6,393668;
Chucena;Altitud sobre el nivel del mar;144,58000183;
Corteconcepción;Latitud;37,895863;
Corteconcepción;Longitud;-6,506386;
Corteconcepción;Altitud sobre el nivel del mar;577,76000977;
Cortegana;Latitud;37,910201;
Cortegana;Longitud;-6,820645;
Cortegana;Altitud sobre el nivel del mar;672,84002686;
Cortelazor;Latitud;37,935812;
Cortelazor;Longitud;-6,624681;
Cortelazor;Altitud sobre el nivel del mar;621,32000732;
Cumbres de Enmedio;Latitud;38,072467;
Cumbres de Enmedio;Longitud;-6,693135;
Cumbres de Enmedio;Altitud sobre el nivel del mar;589,2199707;
Cumbres de San Bartolomé;Latitud;38,077346;
Cumbres de San Bartolomé;Longitud;-6,74326;
Cumbres de San Bartolomé;Altitud sobre el nivel del mar;578,73999023;
Cumbres Mayores;Latitud;38,06235;
Cumbres Mayores;Longitud;-6,646758;
Cumbres Mayores;Altitud sobre el nivel del mar;685,04998779;
El Almendro;Latitud;37,507055;
El Almendro;Longitud;-7,270293;
El Almendro;Altitud sobre el nivel del mar;231,13000488;
El Campillo;Latitud;37,69324;
El Campillo;Longitud;-6,629671;
El Campillo;Altitud sobre el nivel del mar;430,8500061;
El Cerro de Andévalo;Latitud;37,735233;
El Cerro de Andévalo;Longitud;-6,939448;
El Cerro de Andévalo;Altitud sobre el nivel del mar;299,07998657;
El Granado;Latitud;37,52076;
El Granado;Longitud;-7,416505;
El Granado;Altitud sobre el nivel del mar;135;
Encinasola;Latitud;38,134898;
Encinasola;Longitud;-6,872594;
Encinasola;Altitud sobre el nivel del mar;427,29998779;
Escacena del Campo;Latitud;37,410155;
Escacena del Campo;Longitud;-6,389107;
Escacena del Campo;Altitud sobre el nivel del mar;169,75;
Fuenteheridos;Latitud;37,903759;
Fuenteheridos;Longitud;-6,661149;
Fuenteheridos;Altitud sobre el nivel del mar;703,07000732;
Galaroza;Latitud;37,926461;
Galaroza;Longitud;-6,712125;
Galaroza;Altitud sobre el nivel del mar;546,92999268;
Gibraleón;Latitud;37,374852;
Gibraleón;Longitud;-6,970498;
Gibraleón;Altitud sobre el nivel del mar;25,04000092;
Higuera de la Sierra;Latitud;37,838157;
Higuera de la Sierra;Longitud;-6,447506;
Higuera de la Sierra;Altitud sobre el nivel del mar;622,64001465;
Hinojales;Latitud;38,008693;
Hinojales;Longitud;-6,591407;
Hinojales;Altitud sobre el nivel del mar;610,95001221;
Hinojos;Latitud;37,292538;
Hinojos;Longitud;-6,376469;
Hinojos;Altitud sobre el nivel del mar;80,16000366;
Huelva (capital);Latitud;37,256739;
Huelva (capital);Longitud;-6,949734;
Huelva (capital);Altitud sobre el nivel del mar;9,72999954;
Isla Cristina;Latitud;37,199458;
Isla Cristina;Longitud;-7,325079;
Isla Cristina;Altitud sobre el nivel del mar;1,73000002;
Jabugo;Latitud;37,916798;
Jabugo;Longitud;-6,728944;
Jabugo;Altitud sobre el nivel del mar;652,72998047;
La Granada de Río-Tinto;Latitud;37,768417;
La Granada de Río-Tinto;Longitud;-6,508061;
La Granada de Río-Tinto;Altitud sobre el nivel del mar;432,70999146;
La Nava;Latitud;37,96364;
La Nava;Longitud;-6,745434;
La Nava;Altitud sobre el nivel del mar;418,47000122;
La Palma del Condado;Latitud;37,388147;
La Palma del Condado;Longitud;-6,552489;
La Palma del Condado;Altitud sobre el nivel del mar;88,76999664;
La Zarza-Perrunal;Latitud;37,712771;
La Zarza-Perrunal;Longitud;-6,85399;
La Zarza-Perrunal;Altitud sobre el nivel del mar;260,47000122;
Lepe;Latitud;37,254189;
Lepe;Longitud;-7,203326;
Lepe;Altitud sobre el nivel del mar;18,39999962;
Linares de la Sierra;Latitud;37,879821;
Linares de la Sierra;Longitud;-6,620206;
Linares de la Sierra;Altitud sobre el nivel del mar;472,48001099;
Los Marines;Latitud;37,903016;
Los Marines;Longitud;-6,623085;
Los Marines;Altitud sobre el nivel del mar;717,34997559;
Lucena del Puerto;Latitud;37,303974;
Lucena del Puerto;Longitud;-6,730062;
Lucena del Puerto;Altitud sobre el nivel del mar;82,48999786;
Manzanilla;Latitud;37,387962;
Manzanilla;Longitud;-6,429294;
Manzanilla;Altitud sobre el nivel del mar;159,13000488;
Minas de Riotinto;Latitud;37,693468;
Minas de Riotinto;Longitud;-6,591705;
Minas de Riotinto;Altitud sobre el nivel del mar;416,51000977;
Moguer;Latitud;37,274516;
Moguer;Longitud;-6,838557;
Moguer;Altitud sobre el nivel del mar;48,58000183;
Nerva;Latitud;37,695109;
Nerva;Longitud;-6,550837;
Nerva;Altitud sobre el nivel del mar;329,58999634;
Niebla;Latitud;37,360291;
Niebla;Longitud;-6,679246;
Niebla;Altitud sobre el nivel del mar;38,58000183;
Palos de la Frontera;Latitud;37,228504;
Palos de la Frontera;Longitud;-6,893729;
Palos de la Frontera;Altitud sobre el nivel del mar;20,26000023;
Paterna del Campo;Latitud;37,421371;
Paterna del Campo;Longitud;-6,402011;
Paterna del Campo;Altitud sobre el nivel del mar;176,46000671;
Paymogo;Latitud;37,740804;
Paymogo;Longitud;-7,346117;
Paymogo;Altitud sobre el nivel del mar;176,36000061;
Puebla de Guzmán;Latitud;37,612901;
Puebla de Guzmán;Longitud;-7,247412;
Puebla de Guzmán;Altitud sobre el nivel del mar;195,72000122;
Puerto Moral;Latitud;37,892861;
Puerto Moral;Longitud;-6,478227;
Puerto Moral;Altitud sobre el nivel del mar;522,30999756;
Punta Umbría;Latitud;37,18061;
Punta Umbría;Longitud;-6,958823;
Punta Umbría;Altitud sobre el nivel del mar;2,74000001;
Rociana del Condado;Latitud;37,30801;
Rociana del Condado;Longitud;-6,598273;
Rociana del Condado;Altitud sobre el nivel del mar;96,51999664;
Rosal de la Frontera;Latitud;37,967379;
Rosal de la Frontera;Longitud;-7,220409;
Rosal de la Frontera;Altitud sobre el nivel del mar;223,57000732;
San Bartolomé de la Torre;Latitud;37,446317;
San Bartolomé de la Torre;Longitud;-7,106541;
San Bartolomé de la Torre;Altitud sobre el nivel del mar;126,41000366;
San Juan del Puerto;Latitud;37,314234;
San Juan del Puerto;Longitud;-6,84066;
San Juan del Puerto;Altitud sobre el nivel del mar;5,5999999;
San Silvestre de Guzmán;Latitud;37,388418;
San Silvestre de Guzmán;Longitud;-7,349871;
San Silvestre de Guzmán;Altitud sobre el nivel del mar;151,58000183;
Sanlúcar de Guadiana;Latitud;37,473144;
Sanlúcar de Guadiana;Longitud;-7,46765;
Sanlúcar de Guadiana;Altitud sobre el nivel del mar;7,76999998;
Santa Ana la Real;Latitud;37,863988;
Santa Ana la Real;Longitud;-6,724827;
Santa Ana la Real;Altitud sobre el nivel del mar;637,45001221;
Santa Bárbara de Casa;Latitud;37,796726;
Santa Bárbara de Casa;Longitud;-7,189253;
Santa Bárbara de Casa;Altitud sobre el nivel del mar;308,6499939;
Santa Olalla del Cala;Latitud;37,90622;
Santa Olalla del Cala;Longitud;-6,229441;
Santa Olalla del Cala;Altitud sobre el nivel del mar;515,75;
Trigueros;Latitud;37,383492;
Trigueros;Longitud;-6,83489;
Trigueros;Altitud sobre el nivel del mar;75,83000183;
Valdelarco;Latitud;37,950666;
Valdelarco;Longitud;-6,683443;
Valdelarco;Altitud sobre el nivel del mar;621,98999023;
Valverde del Camino;Latitud;37,573391;
Valverde del Camino;Longitud;-6,753386;
Valverde del Camino;Altitud sobre el nivel del mar;274,01998901;
Villablanca;Latitud;37,303596;
Villablanca;Longitud;-7,341675;
Villablanca;Altitud sobre el nivel del mar;91,02999878;
Villalba del Alcor;Latitud;37,397587;
Villalba del Alcor;Longitud;-6,477064;
Villalba del Alcor;Altitud sobre el nivel del mar;156,77999878;
Villanueva de las Cruces;Latitud;37,627726;
Villanueva de las Cruces;Longitud;-7,024276;
Villanueva de las Cruces;Altitud sobre el nivel del mar;118,45999908;
Villanueva de los Castillejos;Latitud;37,500646;
Villanueva de los Castillejos;Longitud;-7,272717;
Villanueva de los Castillejos;Altitud sobre el nivel del mar;222,42999268;
Villarrasa;Latitud;37,390023;
Villarrasa;Longitud;-6,606462;
Villarrasa;Altitud sobre el nivel del mar;65,31999969;
Zalamea la Real;Latitud;37,679867;
Zalamea la Real;Longitud;-6,660916;
Zalamea la Real;Altitud sobre el nivel del mar;399,14001465;
Zufre;Latitud;37,834091;
Zufre;Longitud;-6,338769;
Zufre;Altitud sobre el nivel del mar;452,60998535;
Albanchez de Mágina;Latitud;37,791609;
Albanchez de Mágina;Longitud;-3,468438;
Albanchez de Mágina;Altitud sobre el nivel del mar;851,72998047;
Alcalá la Real;Latitud;37,463541;
Alcalá la Real;Longitud;-3,925037;
Alcalá la Real;Altitud sobre el nivel del mar;918,70001221;
Alcaudete;Latitud;37,591023;
Alcaudete;Longitud;-4,086685;
Alcaudete;Altitud sobre el nivel del mar;663,96002197;
Aldeaquemada;Latitud;38,411912;
Aldeaquemada;Longitud;-3,371652;
Aldeaquemada;Altitud sobre el nivel del mar;698,14001465;
Andújar;Latitud;38,036749;
Andújar;Longitud;-4,05448;
Andújar;Altitud sobre el nivel del mar;209,49000549;
Arjona;Latitud;37,936643;
Arjona;Longitud;-4,055104;
Arjona;Altitud sobre el nivel del mar;443,70001221;
Arjonilla;Latitud;37,973553;
Arjonilla;Longitud;-4,106816;
Arjonilla;Altitud sobre el nivel del mar;344,23001099;
Arquillos;Latitud;38,18205;
Arquillos;Longitud;-3,431089;
Arquillos;Altitud sobre el nivel del mar;379,79998779;
Arroyo del Ojanco;Latitud;38,320926;
Arroyo del Ojanco;Longitud;-2,894915;
Arroyo del Ojanco;Altitud sobre el nivel del mar;533,46002197;
Baeza;Latitud;37,99353;
Baeza;Longitud;-3,469582;
Baeza;Altitud sobre el nivel del mar;750,42999268;
Bailén;Latitud;38,096026;
Bailén;Longitud;-3,774887;
Bailén;Altitud sobre el nivel del mar;347,22000122;
Baños de la Encina;Latitud;38,171024;
Baños de la Encina;Longitud;-3,774108;
Baños de la Encina;Altitud sobre el nivel del mar;405,48999023;
Beas de Segura;Latitud;38,252516;
Beas de Segura;Longitud;-2,890076;
Beas de Segura;Altitud sobre el nivel del mar;574,77001953;
Bedmar y Garcíez;Latitud;37,822947;
Bedmar y Garcíez;Longitud;-3,411624;
Bedmar y Garcíez;Altitud sobre el nivel del mar;636,25;
Begíjar;Latitud;37,984739;
Begíjar;Longitud;-3,534479;
Begíjar;Altitud sobre el nivel del mar;554,35998535;
Bélmez de la Moraleda;Latitud;37,724204;
Bélmez de la Moraleda;Longitud;-3,382346;
Bélmez de la Moraleda;Altitud sobre el nivel del mar;857,26000977;
Benatae;Latitud;38,352611;
Benatae;Longitud;-2,650677;
Benatae;Altitud sobre el nivel del mar;854,70001221;
Cabra del Santo Cristo;Latitud;37,705112;
Cabra del Santo Cristo;Longitud;-3,286057;
Cabra del Santo Cristo;Altitud sobre el nivel del mar;939,15002441;
Cambil;Latitud;37,677173;
Cambil;Longitud;-3,565062;
Cambil;Altitud sobre el nivel del mar;757,2199707;
Campillo de Arenas;Latitud;37,555998;
Campillo de Arenas;Longitud;-3,635897;
Campillo de Arenas;Altitud sobre el nivel del mar;869,70001221;
Canena;Latitud;38,048451;
Canena;Longitud;-3,481982;
Canena;Altitud sobre el nivel del mar;518,51000977;
Carboneros;Latitud;38,229516;
Carboneros;Longitud;-3,631381;
Carboneros;Altitud sobre el nivel del mar;406;
Cárcheles;Latitud;37,634415;
Cárcheles;Longitud;-3,641079;
Cárcheles;Altitud sobre el nivel del mar;800,29998779;
Castellar;Latitud;38,256139;
Castellar;Longitud;-3,128785;
Castellar;Altitud sobre el nivel del mar;756,0300293;
Castillo de Locubín;Latitud;37,528294;
Castillo de Locubín;Longitud;-3,943778;
Castillo de Locubín;Altitud sobre el nivel del mar;695,21002197;
Cazalilla;Latitud;37,984497;
Cazalilla;Longitud;-3,88221;
Cazalilla;Altitud sobre el nivel del mar;300,5;
Cazorla;Latitud;37,910638;
Cazorla;Longitud;-3,001893;
Cazorla;Altitud sobre el nivel del mar;799,2800293;
Chiclana de Segura;Latitud;38,312302;
Chiclana de Segura;Longitud;-3,042803;
Chiclana de Segura;Altitud sobre el nivel del mar;881,78997803;
Chilluévar;Latitud;38,001452;
Chilluévar;Longitud;-3,030893;
Chilluévar;Altitud sobre el nivel del mar;742,7199707;
Escañuela;Latitud;37,878579;
Escañuela;Longitud;-4,03309;
Escañuela;Altitud sobre el nivel del mar;315,44000244;
Espeluy;Latitud;38,033097;
Espeluy;Longitud;-3,861839;
Espeluy;Altitud sobre el nivel del mar;277,67001343;
Frailes;Latitud;37,485954;
Frailes;Longitud;-3,837219;
Frailes;Altitud sobre el nivel del mar;942,38000488;
Fuensanta de Martos;Latitud;37,647606;
Fuensanta de Martos;Longitud;-3,90546;
Fuensanta de Martos;Altitud sobre el nivel del mar;715,72998047;
Fuerte del Rey;Latitud;37,874076;
Fuerte del Rey;Longitud;-3,884152;
Fuerte del Rey;Altitud sobre el nivel del mar;440,30999756;
Génave;Latitud;38,430154;
Génave;Longitud;-2,732817;
Génave;Altitud sobre el nivel del mar;829,5;
Guarromán;Latitud;38,181448;
Guarromán;Longitud;-3,6865;
Guarromán;Altitud sobre el nivel del mar;344,77999878;
Higuera de Calatrava;Latitud;37,797361;
Higuera de Calatrava;Longitud;-4,155346;
Higuera de Calatrava;Altitud sobre el nivel del mar;326,64001465;
Hinojares;Latitud;37,715467;
Hinojares;Longitud;-2,999234;
Hinojares;Altitud sobre el nivel del mar;659,27001953;
Hornos;Latitud;38,216663;
Hornos;Longitud;-2,720453;
Hornos;Altitud sobre el nivel del mar;823,47998047;
Huelma;Latitud;37,65022;
Huelma;Longitud;-3,459621;
Huelma;Altitud sobre el nivel del mar;987,55999756;
Huesa;Latitud;37,764212;
Huesa;Longitud;-3,078262;
Huesa;Altitud sobre el nivel del mar;631,46002197;
Ibros;Latitud;38,022903;
Ibros;Longitud;-3,50232;
Ibros;Altitud sobre el nivel del mar;596,15997314;
Iznatoraf;Latitud;38,157677;
Iznatoraf;Longitud;-3,032711;
Iznatoraf;Altitud sobre el nivel del mar;1037,31005859;
Jabalquinto;Latitud;38,019321;
Jabalquinto;Longitud;-3,724011;
Jabalquinto;Altitud sobre el nivel del mar;485;
Jaén (capital);Latitud;37,76451;
Jaén (capital);Longitud;-3,790981;
Jaén (capital);Altitud sobre el nivel del mar;572,84002686;
Jamilena;Latitud;37,74717;
Jamilena;Longitud;-3,912256;
Jamilena;Altitud sobre el nivel del mar;748,89001465;
Jimena;Latitud;37,841339;
Jimena;Longitud;-3,476352;
Jimena;Altitud sobre el nivel del mar;607,14001465;
Jódar;Latitud;37,844247;
Jódar;Longitud;-3,352858;
Jódar;Altitud sobre el nivel del mar;649,94000244;
La Carolina;Latitud;38,274361;
La Carolina;Longitud;-3,615138;
La Carolina;Altitud sobre el nivel del mar;593,51000977;
La Guardia de Jaén;Latitud;37,742481;
La Guardia de Jaén;Longitud;-3,692987;
La Guardia de Jaén;Altitud sobre el nivel del mar;602,53997803;
La Iruela;Latitud;37,920461;
La Iruela;Longitud;-2,993969;
La Iruela;Altitud sobre el nivel del mar;937,96002197;
La Puerta de Segura;Latitud;38,348571;
La Puerta de Segura;Longitud;-2,737185;
La Puerta de Segura;Altitud sobre el nivel del mar;580,82000732;
Lahiguera;Latitud;37,970707;
Lahiguera;Longitud;-3,989281;
Lahiguera;Altitud sobre el nivel del mar;371,32998657;
Larva;Latitud;37,759877;
Larva;Longitud;-3,202211;
Larva;Altitud sobre el nivel del mar;731,13000488;
Linares;Latitud;38,093812;
Linares;Longitud;-3,636206;
Linares;Altitud sobre el nivel del mar;406,02999878;
Lopera;Latitud;37,943603;
Lopera;Longitud;-4,214981;
Lopera;Altitud sobre el nivel del mar;269,3999939;
Los Villares;Latitud;37,689351;
Los Villares;Longitud;-3,818487;
Los Villares;Altitud sobre el nivel del mar;633,0300293;
Lupión;Latitud;37,99662;
Lupión;Longitud;-3,546958;
Lupión;Altitud sobre el nivel del mar;500,57000732;
Mancha Real;Latitud;37,786522;
Mancha Real;Longitud;-3,612644;
Mancha Real;Altitud sobre el nivel del mar;757,14001465;
Marmolejo;Latitud;38,044669;
Marmolejo;Longitud;-4,170882;
Marmolejo;Altitud sobre el nivel del mar;244,44000244;
Martos;Latitud;37,722789;
Martos;Longitud;-3,965924;
Martos;Altitud sobre el nivel del mar;743,95001221;
Mengíbar;Latitud;37,968441;
Mengíbar;Longitud;-3,808595;
Mengíbar;Altitud sobre el nivel del mar;315,30999756;
Montizón;Latitud;38,342609;
Montizón;Longitud;-3,103986;
Montizón;Altitud sobre el nivel del mar;644,96002197;
Navas de San Juan;Latitud;38,185102;
Navas de San Juan;Longitud;-3,315514;
Navas de San Juan;Altitud sobre el nivel del mar;654,75;
Noalejo;Latitud;37,529498;
Noalejo;Longitud;-3,653725;
Noalejo;Altitud sobre el nivel del mar;1083,93005371;
Orcera;Latitud;38,317781;
Orcera;Longitud;-2,659363;
Orcera;Altitud sobre el nivel del mar;801,32000732;
Peal de Becerro;Latitud;37,913146;
Peal de Becerro;Longitud;-3,121496;
Peal de Becerro;Altitud sobre el nivel del mar;547,09002686;
Pegalajar;Latitud;37,737924;
Pegalajar;Longitud;-3,650932;
Pegalajar;Altitud sobre el nivel del mar;797,53997803;
Porcuna;Latitud;37,870918;
Porcuna;Longitud;-4,184529;
Porcuna;Altitud sobre el nivel del mar;465,29998779;
Pozo Alcón;Latitud;37,70515;
Pozo Alcón;Longitud;-2,934247;
Pozo Alcón;Altitud sobre el nivel del mar;860,75;
Puente de Génave;Latitud;38,35346;
Puente de Génave;Longitud;-2,804388;
Puente de Génave;Altitud sobre el nivel del mar;544,97998047;
Quesada;Latitud;37,84513;
Quesada;Longitud;-3,067683;
Quesada;Altitud sobre el nivel del mar;677,39001465;
Rus;Latitud;38,047905;
Rus;Longitud;-3,461907;
Rus;Altitud sobre el nivel del mar;583,80999756;
Sabiote;Latitud;38,069146;
Sabiote;Longitud;-3,306575;
Sabiote;Altitud sobre el nivel del mar;829,42999268;
Santa Elena;Latitud;38,339125;
Santa Elena;Longitud;-3,539043;
Santa Elena;Altitud sobre el nivel del mar;742,23999023;
Santiago de Calatrava;Latitud;37,75306;
Santiago de Calatrava;Longitud;-4,169481;
Santiago de Calatrava;Altitud sobre el nivel del mar;390,94000244;
Santiago-Pontones;Latitud;38,112698;
Santiago-Pontones;Longitud;-2,551625;
Santiago-Pontones;Altitud sobre el nivel del mar;1327;
Santisteban del Puerto;Latitud;38,247549;
Santisteban del Puerto;Longitud;-3,206459;
Santisteban del Puerto;Altitud sobre el nivel del mar;701,89001465;
Santo Tomé;Latitud;38,02819;
Santo Tomé;Longitud;-3,101793;
Santo Tomé;Altitud sobre el nivel del mar;452,38000488;
Segura de la Sierra;Latitud;38,2978;
Segura de la Sierra;Longitud;-2,651532;
Segura de la Sierra;Altitud sobre el nivel del mar;1086,80004883;
Siles;Latitud;38,387583;
Siles;Longitud;-2,581489;
Siles;Altitud sobre el nivel del mar;826,5;
Sorihuela del Guadalimar;Latitud;38,23908;
Sorihuela del Guadalimar;Longitud;-3,054679;
Sorihuela del Guadalimar;Altitud sobre el nivel del mar;622,71002197;
Torreblascopedro;Latitud;37,997572;
Torreblascopedro;Longitud;-3,636622;
Torreblascopedro;Altitud sobre el nivel del mar;333,8999939;
Torredelcampo;Latitud;37,770414;
Torredelcampo;Longitud;-3,897022;
Torredelcampo;Altitud sobre el nivel del mar;645,32000732;
Torredonjimeno;Latitud;37,765769;
Torredonjimeno;Longitud;-3,95876;
Torredonjimeno;Altitud sobre el nivel del mar;586,57000732;
Torreperogil;Latitud;38,034622;
Torreperogil;Longitud;-3,287702;
Torreperogil;Altitud sobre el nivel del mar;749,2800293;
Torres;Latitud;37,786082;
Torres;Longitud;-3,509667;
Torres;Altitud sobre el nivel del mar;881,63000488;
Torres de Albánchez;Latitud;38,41433;
Torres de Albánchez;Longitud;-2,676966;
Torres de Albánchez;Altitud sobre el nivel del mar;825,5300293;
Úbeda;Latitud;38,008069;
Úbeda;Longitud;-3,36789;
Úbeda;Altitud sobre el nivel del mar;729,09997559;
Valdepeñas de Jaén;Latitud;37,590299;
Valdepeñas de Jaén;Longitud;-3,819723;
Valdepeñas de Jaén;Altitud sobre el nivel del mar;915,11999512;
Vilches;Latitud;38,204719;
Vilches;Longitud;-3,507691;
Vilches;Altitud sobre el nivel del mar;536,92999268;
Villacarrillo;Latitud;38,115416;
Villacarrillo;Longitud;-3,087534;
Villacarrillo;Altitud sobre el nivel del mar;785,08001709;
Villanueva de la Reina;Latitud;38,005041;
Villanueva de la Reina;Longitud;-3,919602;
Villanueva de la Reina;Altitud sobre el nivel del mar;219,8500061;
Villanueva del Arzobispo;Latitud;38,169294;
Villanueva del Arzobispo;Longitud;-3,010185;
Villanueva del Arzobispo;Altitud sobre el nivel del mar;664,65997314;
Villardompardo;Latitud;37,839624;
Villardompardo;Longitud;-4,001397;
Villardompardo;Altitud sobre el nivel del mar;442,48001099;
Villarrodrigo;Latitud;38,48801;
Villarrodrigo;Longitud;-2,636177;
Villarrodrigo;Altitud sobre el nivel del mar;868,19000244;
Villatorres;Latitud;37,939832;
Villatorres;Longitud;-3,72999;
Villatorres;Altitud sobre el nivel del mar;347,63000488;
Alameda;Latitud;37,207774;
Alameda;Longitud;-4,660575;
Alameda;Altitud sobre el nivel del mar;457,63000488;
Alcaucín;Latitud;36,902359;
Alcaucín;Longitud;-4,114274;
Alcaucín;Altitud sobre el nivel del mar;509,1499939;
Alfarnate;Latitud;36,995167;
Alfarnate;Longitud;-4,261057;
Alfarnate;Altitud sobre el nivel del mar;886,32000732;
Alfarnatejo;Latitud;36,979435;
Alfarnatejo;Longitud;-4,272925;
Alfarnatejo;Altitud sobre el nivel del mar;851,98999023;
Algarrobo;Latitud;36,772643;
Algarrobo;Longitud;-4,038978;
Algarrobo;Altitud sobre el nivel del mar;64,51000214;
Algatocín;Latitud;36,572789;
Algatocín;Longitud;-5,276554;
Algatocín;Altitud sobre el nivel del mar;687,77001953;
Alhaurín de la Torre;Latitud;36,663365;
Alhaurín de la Torre;Longitud;-4,561152;
Alhaurín de la Torre;Altitud sobre el nivel del mar;94,95999908;
Alhaurín el Grande;Latitud;36,641968;
Alhaurín el Grande;Longitud;-4,691618;
Alhaurín el Grande;Altitud sobre el nivel del mar;263,29998779;
Almáchar;Latitud;36,809178;
Almáchar;Longitud;-4,217417;
Almáchar;Altitud sobre el nivel del mar;231,55000305;
Almargen;Latitud;37,001316;
Almargen;Longitud;-5,023091;
Almargen;Altitud sobre el nivel del mar;505,18185425;
Almogía;Latitud;36,825379;
Almogía;Longitud;-4,540476;
Almogía;Altitud sobre el nivel del mar;346,45999146;
Álora;Latitud;36,82289;
Álora;Longitud;-4,70702;
Álora;Altitud sobre el nivel del mar;209,07000732;
Alozaina;Latitud;36,727621;
Alozaina;Longitud;-4,856557;
Alozaina;Altitud sobre el nivel del mar;368,30999756;
Alpandeire;Latitud;36,634274;
Alpandeire;Longitud;-5,203044;
Alpandeire;Altitud sobre el nivel del mar;700,39001465;
Antequera;Latitud;37,019393;
Antequera;Longitud;-4,56246;
Antequera;Altitud sobre el nivel del mar;511,3500061;
Árchez;Latitud;36,838545;
Árchez;Longitud;-3,990114;
Árchez;Altitud sobre el nivel del mar;444,22000122;
Archidona;Latitud;37,094834;
Archidona;Longitud;-4,387459;
Archidona;Altitud sobre el nivel del mar;712,27001953;
Ardales;Latitud;36,878021;
Ardales;Longitud;-4,846607;
Ardales;Altitud sobre el nivel del mar;404,75;
Arenas;Latitud;36,81537;
Arenas;Longitud;-4,045251;
Arenas;Altitud sobre el nivel del mar;396,29000854;
Arriate;Latitud;36,798845;
Arriate;Longitud;-5,141867;
Arriate;Altitud sobre el nivel del mar;596,9699707;
Atajate;Latitud;36,64012;
Atajate;Longitud;-5,245067;
Atajate;Altitud sobre el nivel del mar;746,72998047;
Benadalid;Latitud;36,606086;
Benadalid;Longitud;-5,268884;
Benadalid;Altitud sobre el nivel del mar;698,57000732;
Benahavís;Latitud;36,524617;
Benahavís;Longitud;-5,046527;
Benahavís;Altitud sobre el nivel del mar;173,69999695;
Benalauría;Latitud;36,594143;
Benalauría;Longitud;-5,261045;
Benalauría;Altitud sobre el nivel del mar;668,2199707;
Benalmádena;Latitud;36,59504;
Benalmádena;Longitud;-4,573271;
Benalmádena;Altitud sobre el nivel del mar;236,71000671;
Benamargosa;Latitud;36,834994;
Benamargosa;Longitud;-4,194083;
Benamargosa;Altitud sobre el nivel del mar;109,77999878;
Benamocarra;Latitud;36,791154;
Benamocarra;Longitud;-4,160346;
Benamocarra;Altitud sobre el nivel del mar;135,97000122;
Benaoján;Latitud;36,718802;
Benaoján;Longitud;-5,25313;
Benaoján;Altitud sobre el nivel del mar;568,80999756;
Benarrabá;Latitud;36,551695;
Benarrabá;Longitud;-5,276436;
Benarrabá;Altitud sobre el nivel del mar;529,38000488;
Campillos;Latitud;37,044989;
Campillos;Longitud;-4,8614;
Campillos;Altitud sobre el nivel del mar;459,73001099;
Canillas de Aceituno;Latitud;36,873299;
Canillas de Aceituno;Longitud;-4,081781;
Canillas de Aceituno;Altitud sobre el nivel del mar;657,10998535;
Canillas de Albaida;Latitud;36,846336;
Canillas de Albaida;Longitud;-3,987589;
Canillas de Albaida;Altitud sobre el nivel del mar;578,04998779;
Cañete la Real;Latitud;36,951601;
Cañete la Real;Longitud;-5,024117;
Cañete la Real;Altitud sobre el nivel del mar;735,78997803;
Carratraca;Latitud;36,851607;
Carratraca;Longitud;-4,818123;
Carratraca;Altitud sobre el nivel del mar;529,73999023;
Cartajima;Latitud;36,645738;
Cartajima;Longitud;-5,153835;
Cartajima;Altitud sobre el nivel del mar;851,20001221;
Cártama;Latitud;36,709931;
Cártama;Longitud;-4,631295;
Cártama;Altitud sobre el nivel del mar;112,72000122;
Casabermeja;Latitud;36,893025;
Casabermeja;Longitud;-4,430079;
Casabermeja;Altitud sobre el nivel del mar;558,63000488;
Casarabonela;Latitud;36,785158;
Casarabonela;Longitud;-4,842721;
Casarabonela;Altitud sobre el nivel del mar;486,79000854;
Casares;Latitud;36,444101;
Casares;Longitud;-5,272341;
Casares;Altitud sobre el nivel del mar;359,10998535;
Coín;Latitud;36,658961;
Coín;Longitud;-4,760486;
Coín;Altitud sobre el nivel del mar;211,22000122;
Colmenar;Latitud;36,905129;
Colmenar;Longitud;-4,335074;
Colmenar;Altitud sobre el nivel del mar;672,34997559;
Comares;Latitud;36,848859;
Comares;Longitud;-4,246746;
Comares;Altitud sobre el nivel del mar;701,82000732;
Cómpeta;Latitud;36,834247;
Cómpeta;Longitud;-3,976666;
Cómpeta;Altitud sobre el nivel del mar;636,91998291;
Cortes de la Frontera;Latitud;36,616847;
Cortes de la Frontera;Longitud;-5,342822;
Cortes de la Frontera;Altitud sobre el nivel del mar;617,63000488;
Cuevas Bajas;Latitud;37,235812;
Cuevas Bajas;Longitud;-4,487174;
Cuevas Bajas;Altitud sobre el nivel del mar;312,94000244;
Cuevas de San Marcos;Latitud;37,269474;
Cuevas de San Marcos;Longitud;-4,414288;
Cuevas de San Marcos;Altitud sobre el nivel del mar;412,73999023;
Cuevas del Becerro;Latitud;36,876364;
Cuevas del Becerro;Longitud;-5,045744;
Cuevas del Becerro;Altitud sobre el nivel del mar;731,35998535;
Cútar;Latitud;36,831069;
Cútar;Longitud;-4,228435;
Cútar;Altitud sobre el nivel del mar;324,66000366;
El Borge;Latitud;36,814272;
El Borge;Longitud;-4,233965;
El Borge;Altitud sobre el nivel del mar;242,32000732;
El Burgo;Latitud;36,789058;
El Burgo;Longitud;-4,94682;
El Burgo;Altitud sobre el nivel del mar;576,65002441;
Estepona;Latitud;36,425529;
Estepona;Longitud;-5,147395;
Estepona;Altitud sobre el nivel del mar;15,47999954;
Faraján;Latitud;36,616337;
Faraján;Longitud;-5,188787;
Faraján;Altitud sobre el nivel del mar;640,45001221;
Frigiliana;Latitud;36,79257;
Frigiliana;Longitud;-3,898092;
Frigiliana;Altitud sobre el nivel del mar;318,11999512;
Fuengirola;Latitud;36,53807;
Fuengirola;Longitud;-4,623056;
Fuengirola;Altitud sobre el nivel del mar;3,72000003;
Fuente de Piedra;Latitud;37,135211;
Fuente de Piedra;Longitud;-4,729682;
Fuente de Piedra;Altitud sobre el nivel del mar;440,92999268;
Gaucín;Latitud;36,518231;
Gaucín;Longitud;-5,317573;
Gaucín;Altitud sobre el nivel del mar;619,0300293;
Genalguacil;Latitud;36,545284;
Genalguacil;Longitud;-5,236041;
Genalguacil;Altitud sobre el nivel del mar;514,07000732;
Guaro;Latitud;36,656559;
Guaro;Longitud;-4,833128;
Guaro;Altitud sobre el nivel del mar;342,07998657;
Humilladero;Latitud;37,114431;
Humilladero;Longitud;-4,702613;
Humilladero;Altitud sobre el nivel del mar;446,8999939;
Igualeja;Latitud;36,631722;
Igualeja;Longitud;-5,121913;
Igualeja;Altitud sobre el nivel del mar;728,01000977;
Istán;Latitud;36,582485;
Istán;Longitud;-4,949135;
Istán;Altitud sobre el nivel del mar;287,82998657;
Iznate;Latitud;36,776079;
Iznate;Longitud;-4,183539;
Iznate;Altitud sobre el nivel del mar;317,39001465;
Jimera de Líbar;Latitud;36,651531;
Jimera de Líbar;Longitud;-5,274192;
Jimera de Líbar;Altitud sobre el nivel del mar;538,60998535;
Jubrique;Latitud;36,564308;
Jubrique;Longitud;-5,215091;
Jubrique;Altitud sobre el nivel del mar;566,33001709;
Júzcar;Latitud;36,625418;
Júzcar;Longitud;-5,170291;
Júzcar;Altitud sobre el nivel del mar;622,20001221;
Macharaviaya;Latitud;36,762404;
Macharaviaya;Longitud;-4,215166;
Macharaviaya;Altitud sobre el nivel del mar;244,24000549;
Málaga (capital);Latitud;36,72034;
Málaga (capital);Longitud;-4,414939;
Málaga (capital);Altitud sobre el nivel del mar;5,94999981;
Manilva;Latitud;36,376994;
Manilva;Longitud;-5,249364;
Manilva;Altitud sobre el nivel del mar;130,8999939;
Marbella;Latitud;36,510523;
Marbella;Longitud;-4,885085;
Marbella;Altitud sobre el nivel del mar;24;
Mijas;Latitud;36,59647;
Mijas;Longitud;-4,636774;
Mijas;Altitud sobre el nivel del mar;400,10998535;
Moclinejo;Latitud;36,771333;
Moclinejo;Longitud;-4,253764;
Moclinejo;Altitud sobre el nivel del mar;439,39001465;
Mollina;Latitud;37,125706;
Mollina;Longitud;-4,656965;
Mollina;Altitud sobre el nivel del mar;476,27999878;
Monda;Latitud;36,630208;
Monda;Longitud;-4,832257;
Monda;Altitud sobre el nivel del mar;364,3500061;
Montecorto;Latitud;36,815658;
Montecorto;Longitud;-5,296733;
Montecorto;Altitud sobre el nivel del mar;491,45999146;
Montejaque;Latitud;36,733633;
Montejaque;Longitud;-5,25147;
Montejaque;Altitud sobre el nivel del mar;691,92999268;
Nerja;Latitud;36,745569;
Nerja;Longitud;-3,876723;
Nerja;Altitud sobre el nivel del mar;21,52000046;
Ojén;Latitud;36,564261;
Ojén;Longitud;-4,856554;
Ojén;Altitud sobre el nivel del mar;309,92001343;
Parauta;Latitud;36,656032;
Parauta;Longitud;-5,128802;
Parauta;Altitud sobre el nivel del mar;812,5;
Periana;Latitud;36,928499;
Periana;Longitud;-4,192059;
Periana;Altitud sobre el nivel del mar;551,34002686;
Pizarra;Latitud;36,767264;
Pizarra;Longitud;-4,707717;
Pizarra;Altitud sobre el nivel del mar;85,98000336;
Pujerra;Latitud;36,612681;
Pujerra;Longitud;-5,15026;
Pujerra;Altitud sobre el nivel del mar;775,55999756;
Rincón de la Victoria;Latitud;36,715405;
Rincón de la Victoria;Longitud;-4,285561;
Rincón de la Victoria;Altitud sobre el nivel del mar;3,20000005;
Riogordo;Latitud;36,914589;
Riogordo;Longitud;-4,293612;
Riogordo;Altitud sobre el nivel del mar;381,23001099;
Ronda;Latitud;36,736957;
Ronda;Longitud;-5,164807;
Ronda;Altitud sobre el nivel del mar;721,07000732;
Salares;Latitud;36,854313;
Salares;Longitud;-4,024233;
Salares;Altitud sobre el nivel del mar;550,48999023;
Sayalonga;Latitud;36,79792;
Sayalonga;Longitud;-4,01215;
Sayalonga;Altitud sobre el nivel del mar;362,42001343;
Sedella;Latitud;36,862758;
Sedella;Longitud;-4,033305;
Sedella;Altitud sobre el nivel del mar;696,34002686;
Serrato;Latitud;36,886072;
Serrato;Longitud;-4,981196;
Serrato;Altitud sobre el nivel del mar;510,54000854;
Sierra de Yeguas;Latitud;37,124676;
Sierra de Yeguas;Longitud;-4,868671;
Sierra de Yeguas;Altitud sobre el nivel del mar;449,23999023;
Teba;Latitud;36,983382;
Teba;Longitud;-4,9206;
Teba;Altitud sobre el nivel del mar;531,78997803;
Tolox;Latitud;36,687098;
Tolox;Longitud;-4,904478;
Tolox;Altitud sobre el nivel del mar;308,08999634;
Torremolinos;Latitud;36,622266;
Torremolinos;Longitud;-4,50056;
Torremolinos;Altitud sobre el nivel del mar;44,65999985;
Torrox;Latitud;36,758454;
Torrox;Longitud;-3,952673;
Torrox;Altitud sobre el nivel del mar;148,80999756;
Totalán;Latitud;36,765541;
Totalán;Longitud;-4,29731;
Totalán;Altitud sobre el nivel del mar;297,1000061;
Valle de Abdalajís;Latitud;36,931262;
Valle de Abdalajís;Longitud;-4,682912;
Valle de Abdalajís;Altitud sobre el nivel del mar;341,32998657;
Vélez-Málaga;Latitud;36,783177;
Vélez-Málaga;Longitud;-4,102035;
Vélez-Málaga;Altitud sobre el nivel del mar;65,41999817;
Villanueva de Algaidas;Latitud;37,185532;
Villanueva de Algaidas;Longitud;-4,450036;
Villanueva de Algaidas;Altitud sobre el nivel del mar;543,57000732;
Villanueva de la Concepción;Latitud;36,932526;
Villanueva de la Concepción;Longitud;-4,528983;
Villanueva de la Concepción;Altitud sobre el nivel del mar;606,9699707;
Villanueva de Tapia;Latitud;37,181893;
Villanueva de Tapia;Longitud;-4,335472;
Villanueva de Tapia;Altitud sobre el nivel del mar;654,86999512;
Villanueva del Rosario;Latitud;36,996438;
Villanueva del Rosario;Longitud;-4,364999;
Villanueva del Rosario;Altitud sobre el nivel del mar;689,28997803;
Villanueva del Trabuco;Latitud;37,02792;
Villanueva del Trabuco;Longitud;-4,338743;
Villanueva del Trabuco;Altitud sobre el nivel del mar;680,61999512;
Viñuela;Latitud;36,861911;
Viñuela;Longitud;-4,141209;
Viñuela;Altitud sobre el nivel del mar;161,77999878;
Yunquera;Latitud;36,73174;
Yunquera;Longitud;-4,920861;
Yunquera;Altitud sobre el nivel del mar;678,52001953;
Aguadulce;Latitud;37,252739;
Aguadulce;Longitud;-4,991359;
Aguadulce;Altitud sobre el nivel del mar;268,1000061;
Alanís;Latitud;38,037746;
Alanís;Longitud;-5,715076;
Alanís;Altitud sobre el nivel del mar;670,01000977;
Albaida del Aljarafe;Latitud;37,426978;
Albaida del Aljarafe;Longitud;-6,166026;
Albaida del Aljarafe;Altitud sobre el nivel del mar;163,49000549;
Alcalá de Guadaíra;Latitud;37,33384;
Alcalá de Guadaíra;Longitud;-5,84913;
Alcalá de Guadaíra;Altitud sobre el nivel del mar;36,66999817;
Alcalá del Río;Latitud;37,518241;
Alcalá del Río;Longitud;-5,978853;
Alcalá del Río;Altitud sobre el nivel del mar;31,95999908;
Alcolea del Río;Latitud;37,614445;
Alcolea del Río;Longitud;-5,671275;
Alcolea del Río;Altitud sobre el nivel del mar;31,79999924;
Algámitas;Latitud;37,016238;
Algámitas;Longitud;-5,150206;
Algámitas;Altitud sobre el nivel del mar;420,05999756;
Almadén de la Plata;Latitud;37,873789;
Almadén de la Plata;Longitud;-6,080053;
Almadén de la Plata;Altitud sobre el nivel del mar;451,26000977;
Almensilla;Latitud;37,309263;
Almensilla;Longitud;-6,114009;
Almensilla;Altitud sobre el nivel del mar;43,72000122;
Arahal;Latitud;37,262524;
Arahal;Longitud;-5,544516;
Arahal;Altitud sobre el nivel del mar;112,90000153;
Aznalcázar;Latitud;37,304025;
Aznalcázar;Longitud;-6,250828;
Aznalcázar;Altitud sobre el nivel del mar;65,30000305;
Aznalcóllar;Latitud;37,523746;
Aznalcóllar;Longitud;-6,269394;
Aznalcóllar;Altitud sobre el nivel del mar;136,83000183;
Badolatosa;Latitud;37,307874;
Badolatosa;Longitud;-4,674225;
Badolatosa;Altitud sobre el nivel del mar;218,8500061;
Benacazón;Latitud;37,353479;
Benacazón;Longitud;-6,198981;
Benacazón;Altitud sobre el nivel del mar;120,80000305;
Bollullos de la Mitación;Latitud;37,340361;
Bollullos de la Mitación;Longitud;-6,138735;
Bollullos de la Mitación;Altitud sobre el nivel del mar;88,59999847;
Bormujos;Latitud;37,372226;
Bormujos;Longitud;-6,07128;
Bormujos;Altitud sobre el nivel del mar;100,84999847;
Brenes;Latitud;37,55054;
Brenes;Longitud;-5,873083;
Brenes;Altitud sobre el nivel del mar;17,95000076;
Burguillos;Latitud;37,585777;
Burguillos;Longitud;-5,967466;
Burguillos;Altitud sobre el nivel del mar;77,30000305;
Camas;Latitud;37,400945;
Camas;Longitud;-6,03287;
Camas;Altitud sobre el nivel del mar;7,61000013;
Cantillana;Latitud;37,60709;
Cantillana;Longitud;-5,826521;
Cantillana;Altitud sobre el nivel del mar;24,56999969;
Cañada Rosal;Latitud;37,599343;
Cañada Rosal;Longitud;-5,209635;
Cañada Rosal;Altitud sobre el nivel del mar;155,25999451;
Carmona;Latitud;37,472424;
Carmona;Longitud;-5,638221;
Carmona;Altitud sobre el nivel del mar;234,41000366;
Carrión de los Céspedes;Latitud;37,368613;
Carrión de los Céspedes;Longitud;-6,32885;
Carrión de los Céspedes;Altitud sobre el nivel del mar;98,55999756;
Casariche;Latitud;37,294457;
Casariche;Longitud;-4,759777;
Casariche;Altitud sobre el nivel del mar;303,48001099;
Castilblanco de los Arroyos;Latitud;37,674969;
Castilblanco de los Arroyos;Longitud;-5,99014;
Castilblanco de los Arroyos;Altitud sobre el nivel del mar;326,29000854;
Castilleja de Guzmán;Latitud;37,40897;
Castilleja de Guzmán;Longitud;-6,058209;
Castilleja de Guzmán;Altitud sobre el nivel del mar;132,63999939;
Castilleja de la Cuesta;Latitud;37,386973;
Castilleja de la Cuesta;Longitud;-6,05272;
Castilleja de la Cuesta;Altitud sobre el nivel del mar;97,90000153;
Castilleja del Campo;Latitud;37,385811;
Castilleja del Campo;Longitud;-6,334326;
Castilleja del Campo;Altitud sobre el nivel del mar;118,84999847;
Cazalla de la Sierra;Latitud;37,929704;
Cazalla de la Sierra;Longitud;-5,760459;
Cazalla de la Sierra;Altitud sobre el nivel del mar;583,88000488;
Constantina;Latitud;37,872777;
Constantina;Longitud;-5,618705;
Constantina;Altitud sobre el nivel del mar;554,59997559;
Coria del Río;Latitud;37,285217;
Coria del Río;Longitud;-6,051526;
Coria del Río;Altitud sobre el nivel del mar;7;
Coripe;Latitud;36,970373;
Coripe;Longitud;-5,440747;
Coripe;Altitud sobre el nivel del mar;323,41000366;
Dos Hermanas;Latitud;37,283725;
Dos Hermanas;Longitud;-5,922342;
Dos Hermanas;Altitud sobre el nivel del mar;40,77999878;
Écija;Latitud;37,540843;
Écija;Longitud;-5,080175;
Écija;Altitud sobre el nivel del mar;102,70999908;
El Castillo de las Guardas;Latitud;37,691785;
El Castillo de las Guardas;Longitud;-6,314303;
El Castillo de las Guardas;Altitud sobre el nivel del mar;348,98999023;
El Coronil;Latitud;37,082367;
El Coronil;Longitud;-5,633263;
El Coronil;Altitud sobre el nivel del mar;132,63999939;
El Cuervo de Sevilla;Latitud;36,853431;
El Cuervo de Sevilla;Longitud;-6,040733;
El Cuervo de Sevilla;Altitud sobre el nivel del mar;58,75;
El Garrobo;Latitud;37,625346;
El Garrobo;Longitud;-6,172389;
El Garrobo;Altitud sobre el nivel del mar;265,76000977;
El Madroño;Latitud;37,645643;
El Madroño;Longitud;-6,512062;
El Madroño;Altitud sobre el nivel del mar;357,45001221;
El Palmar de Troya;Latitud;37,060784;
El Palmar de Troya;Longitud;-5,803791;
El Palmar de Troya;Altitud sobre el nivel del mar;21,25;
El Pedroso;Latitud;37,842229;
El Pedroso;Longitud;-5,763444;
El Pedroso;Altitud sobre el nivel del mar;407,5;
El Real de la Jara;Latitud;37,950092;
El Real de la Jara;Longitud;-6,15548;
El Real de la Jara;Altitud sobre el nivel del mar;460,69000244;
El Ronquillo;Latitud;37,725483;
El Ronquillo;Longitud;-6,17708;
El Ronquillo;Altitud sobre el nivel del mar;334,83999634;
El Rubio;Latitud;37,355793;
El Rubio;Longitud;-4,988942;
El Rubio;Altitud sobre el nivel del mar;204,36000061;
El Saucejo;Latitud;37,070037;
El Saucejo;Longitud;-5,096528;
El Saucejo;Altitud sobre el nivel del mar;533,91998291;
El Viso del Alcor;Latitud;37,388278;
El Viso del Alcor;Longitud;-5,719318;
El Viso del Alcor;Altitud sobre el nivel del mar;145,13999939;
Espartinas;Latitud;37,380134;
Espartinas;Longitud;-6,123121;
Espartinas;Altitud sobre el nivel del mar;127,33000183;
Estepa;Latitud;37,291767;
Estepa;Longitud;-4,878185;
Estepa;Altitud sobre el nivel del mar;532,01000977;
Fuentes de Andalucía;Latitud;37,462179;
Fuentes de Andalucía;Longitud;-5,349098;
Fuentes de Andalucía;Altitud sobre el nivel del mar;173,44000244;
Gelves;Latitud;37,336656;
Gelves;Longitud;-6,025137;
Gelves;Altitud sobre el nivel del mar;4,55999994;
Gerena;Latitud;37,525625;
Gerena;Longitud;-6,157673;
Gerena;Altitud sobre el nivel del mar;93,23999786;
Gilena;Latitud;37,251284;
Gilena;Longitud;-4,913288;
Gilena;Altitud sobre el nivel del mar;463,63000488;
Gines;Latitud;37,387126;
Gines;Longitud;-6,078118;
Gines;Altitud sobre el nivel del mar;117,18000031;
Guadalcanal;Latitud;38,092109;
Guadalcanal;Longitud;-5,820671;
Guadalcanal;Altitud sobre el nivel del mar;664,95001221;
Guillena;Latitud;37,539237;
Guillena;Longitud;-6,052099;
Guillena;Altitud sobre el nivel del mar;19,82999992;
Herrera;Latitud;37,364555;
Herrera;Longitud;-4,850463;
Herrera;Altitud sobre el nivel del mar;247,00999451;
Huévar del Aljarafe;Latitud;37,356336;
Huévar del Aljarafe;Longitud;-6,276693;
Huévar del Aljarafe;Altitud sobre el nivel del mar;66,70999908;
Isla Mayor;Latitud;37,131391;
Isla Mayor;Longitud;-6,165388;
Isla Mayor;Altitud sobre el nivel del mar;2,94000006;
La Algaba;Latitud;37,461912;
La Algaba;Longitud;-6,014001;
La Algaba;Altitud sobre el nivel del mar;9,31999969;
La Campana;Latitud;37,569452;
La Campana;Longitud;-5,426364;
La Campana;Altitud sobre el nivel del mar;132,47000122;
La Luisiana;Latitud;37,526347;
La Luisiana;Longitud;-5,248579;
La Luisiana;Altitud sobre el nivel del mar;165,83999634;
La Puebla de Cazalla;Latitud;37,224411;
La Puebla de Cazalla;Longitud;-5,312343;
La Puebla de Cazalla;Altitud sobre el nivel del mar;172,22000122;
La Puebla de los Infantes;Latitud;37,778596;
La Puebla de los Infantes;Longitud;-5,388922;
La Puebla de los Infantes;Altitud sobre el nivel del mar;229,99000549;
La Puebla del Río;Latitud;37,267465;
La Puebla del Río;Longitud;-6,062643;
La Puebla del Río;Altitud sobre el nivel del mar;19,54999924;
La Rinconada;Latitud;37,487777;
La Rinconada;Longitud;-5,979389;
La Rinconada;Altitud sobre el nivel del mar;11,02999973;
La Roda de Andalucía;Latitud;37,201126;
La Roda de Andalucía;Longitud;-4,779205;
La Roda de Andalucía;Altitud sobre el nivel del mar;402,52999878;
Lantejuela;Latitud;37,353758;
Lantejuela;Longitud;-5,22303;
Lantejuela;Altitud sobre el nivel del mar;149,80000305;
Las Cabezas de San Juan;Latitud;36,981739;
Las Cabezas de San Juan;Longitud;-5,94008;
Las Cabezas de San Juan;Altitud sobre el nivel del mar;68,34999847;
Las Navas de la Concepción;Latitud;37,93297;
Las Navas de la Concepción;Longitud;-5,465183;
Las Navas de la Concepción;Altitud sobre el nivel del mar;428,82998657;
Lebrija;Latitud;36,919673;
Lebrija;Longitud;-6,078565;
Lebrija;Altitud sobre el nivel del mar;30,80999947;
Lora de Estepa;Latitud;37,26827;
Lora de Estepa;Longitud;-4,827851;
Lora de Estepa;Altitud sobre el nivel del mar;446,20999146;
Lora del Río;Latitud;37,654545;
Lora del Río;Longitud;-5,530762;
Lora del Río;Altitud sobre el nivel del mar;38,75999832;
Los Corrales;Latitud;37,097617;
Los Corrales;Longitud;-4,983118;
Los Corrales;Altitud sobre el nivel del mar;384,13000488;
Los Molares;Latitud;37,155462;
Los Molares;Longitud;-5,719633;
Los Molares;Altitud sobre el nivel del mar;75,01000214;
Los Palacios y Villafranca;Latitud;37,158738;
Los Palacios y Villafranca;Longitud;-5,924309;
Los Palacios y Villafranca;Altitud sobre el nivel del mar;6,11999989;
Mairena del Alcor;Latitud;37,373113;
Mairena del Alcor;Longitud;-5,747687;
Mairena del Alcor;Altitud sobre el nivel del mar;125,86000061;
Mairena del Aljarafe;Latitud;37,344652;
Mairena del Aljarafe;Longitud;-6,065269;
Mairena del Aljarafe;Altitud sobre el nivel del mar;64,73999786;
Marchena;Latitud;37,33009;
Marchena;Longitud;-5,416085;
Marchena;Altitud sobre el nivel del mar;129,52000427;
Marinaleda;Latitud;37,369169;
Marinaleda;Longitud;-4,960971;
Marinaleda;Altitud sobre el nivel del mar;201,49000549;
Martín de la Jara;Latitud;37,106582;
Martín de la Jara;Longitud;-4,961842;
Martín de la Jara;Altitud sobre el nivel del mar;403,6000061;
Montellano;Latitud;36,995725;
Montellano;Longitud;-5,570829;
Montellano;Altitud sobre el nivel del mar;270,64001465;
Morón de la Frontera;Latitud;37,122228;
Morón de la Frontera;Longitud;-5,451985;
Morón de la Frontera;Altitud sobre el nivel del mar;230,19000244;
Olivares;Latitud;37,418894;
Olivares;Longitud;-6,155864;
Olivares;Altitud sobre el nivel del mar;166,97999573;
Osuna;Latitud;37,237041;
Osuna;Longitud;-5,102536;
Osuna;Altitud sobre el nivel del mar;296,41000366;
Palomares del Río;Latitud;37,322752;
Palomares del Río;Longitud;-6,05768;
Palomares del Río;Altitud sobre el nivel del mar;35,36999893;
Paradas;Latitud;37,289793;
Paradas;Longitud;-5,497195;
Paradas;Altitud sobre el nivel del mar;119,80000305;
Pedrera;Latitud;37,226251;
Pedrera;Longitud;-4,893513;
Pedrera;Altitud sobre el nivel del mar;460,30999756;
Peñaflor;Latitud;37,707478;
Peñaflor;Longitud;-5,346211;
Peñaflor;Altitud sobre el nivel del mar;51,68999863;
Pilas;Latitud;37,301617;
Pilas;Longitud;-6,302494;
Pilas;Altitud sobre el nivel del mar;66,31999969;
Pruna;Latitud;36,971725;
Pruna;Longitud;-5,220973;
Pruna;Altitud sobre el nivel del mar;551,65002441;
Salteras;Latitud;37,418261;
Salteras;Longitud;-6,111646;
Salteras;Altitud sobre el nivel del mar;151,71000671;
San Juan de Aznalfarache;Latitud;37,359749;
San Juan de Aznalfarache;Longitud;-6,027865;
San Juan de Aznalfarache;Altitud sobre el nivel del mar;8,39999962;
San Nicolás del Puerto;Latitud;37,993521;
San Nicolás del Puerto;Longitud;-5,653005;
San Nicolás del Puerto;Altitud sobre el nivel del mar;587,51000977;
Sanlúcar la Mayor;Latitud;37,385657;
Sanlúcar la Mayor;Longitud;-6,201656;
Sanlúcar la Mayor;Altitud sobre el nivel del mar;133,88999939;
Santiponce;Latitud;37,438926;
Santiponce;Longitud;-6,038483;
Santiponce;Altitud sobre el nivel del mar;13,88000011;
Sevilla (capital);Latitud;37,38859;
Sevilla (capital);Longitud;-5,9946;
Sevilla (capital);Altitud sobre el nivel del mar;5,28000021;
Tocina;Latitud;37,609887;
Tocina;Longitud;-5,733054;
Tocina;Altitud sobre el nivel del mar;24,34000015;
Tomares;Latitud;37,373998;
Tomares;Longitud;-6,045256;
Tomares;Altitud sobre el nivel del mar;64,62999725;
Umbrete;Latitud;37,369939;
Umbrete;Longitud;-6,158052;
Umbrete;Altitud sobre el nivel del mar;120,01999664;
Utrera;Latitud;37,183119;
Utrera;Longitud;-5,781334;
Utrera;Altitud sobre el nivel del mar;45,34000015;
Valencina de la Concepción;Latitud;37,416187;
Valencina de la Concepción;Longitud;-6,076705;
Valencina de la Concepción;Altitud sobre el nivel del mar;150,94999695;
Villamanrique de la Condesa;Latitud;37,247588;
Villamanrique de la Condesa;Longitud;-6,307045;
Villamanrique de la Condesa;Altitud sobre el nivel del mar;30,5;
Villanueva de San Juan;Latitud;37,050492;
Villanueva de San Juan;Longitud;-5,176467;
Villanueva de San Juan;Altitud sobre el nivel del mar;479,45999146;
Villanueva del Ariscal;Latitud;37,395757;
Villanueva del Ariscal;Longitud;-6,141882;
Villanueva del Ariscal;Altitud sobre el nivel del mar;150,86000061;
Villanueva del Río y Minas;Latitud;37,664289;
Villanueva del Río y Minas;Longitud;-5,716611;
Villanueva del Río y Minas;Altitud sobre el nivel del mar;51,86999893;
Villaverde del Río;Latitud;37,588101;
Villaverde del Río;Longitud;-5,873701;
Villaverde del Río;Altitud sobre el nivel del mar;17,10000038;
